uid,namedLocation,date,eventID,domainID,siteID,plotID,subplotID,nestedSubplotID,pointID,stemDistance,stemAzimuth,recordType,individualID,supportingStemIndividualID,previouslyTaggedAs,samplingProtocolVersion,taxonID,scientificName,taxonRank,identificationReferences,morphospeciesID,morphospeciesIDRemarks,identificationQualifier,remarks,measuredBy,recordedBy,dataQF
257f3692-f182-42d3-bef9-22a7c88b1b6d,CPER_013.basePlot.vst,2014-09-10,vst_CPER_2014,D10,CPER,CPER_013,41,,41,2.4,21.0,,NEON.PLA.D10.CPER.00078,,,NEON.DOC.000987vE,ATCA2,Atriplex canescens (Pursh) Nutt.,species,,,,,,kbarrett@neoninc.org,kbarrett@neoninc.org,
1044705a-acb6-43c6-b37d-98126ef49a38,CPER_013.basePlot.vst,2014-09-10,vst_CPER_2014,D10,CPER,CPER_013,31,,31,3.1,35.5,,NEON.PLA.D10.CPER.00004,,,NEON.DOC.000987vE,ATCA2,Atriplex canescens (Pursh) Nutt.,species,,,,,,kbarrett@neoninc.org,kbarrett@neoninc.org,
4d44429c-6a65-4b25-8db2-fa3e150cac12,CPER_013.basePlot.vst,2014-09-10,vst_CPER_2014,D10,CPER,CPER_013,31,,31,10.5,38.0,,NEON.PLA.D10.CPER.00016,,,NEON.DOC.000987vE,ATCA2,Atriplex canescens (Pursh) Nutt.,species,,,,,,kbarrett@neoninc.org,kbarrett@neoninc.org,
bb51a9bd-eb6a-4003-9d7a-fd3f382130fe,CPER_013.basePlot.vst,2014-09-10,vst_CPER_2014,D10,CPER,CPER_013,31,,31,5.6,64.5,,NEON.PLA.D10.CPER.00012,,,NEON.DOC.000987vE,ATCA2,Atriplex canescens (Pursh) Nutt.,species,,,,,,kbarrett@neoninc.org,kbarrett@neoninc.org,
c3598398-e668-4f5c-b08d-8f808cd1ad03,CPER_013.basePlot.vst,2014-09-10,vst_CPER_2014,D10,CPER,CPER_013,41,,41,1.3,76.0,,NEON.PLA.D10.CPER.00072,,,NEON.DOC.000987vE,ATCA2,Atriplex canescens (Pursh) Nutt.,species,,,,,,kbarrett@neoninc.org,kbarrett@neoninc.org,
b6786471-7cb9-40e3-9885-c7cf325cd119,CPER_013.basePlot.vst,2014-09-10,vst_CPER_2014,D10,CPER,CPER_013,31,,31,7.1,69.0,,NEON.PLA.D10.CPER.00013,,,NEON.DOC.000987vE,ATCA2,Atriplex canescens (Pursh) Nutt.,species,,,,,,kbarrett@neoninc.org,kbarrett@neoninc.org,
08203336-b2d4-4df6-91fa-c80777efc989,CPER_013.basePlot.vst,2014-09-10,vst_CPER_2014,D10,CPER,CPER_013,31,,31,4.2,73.0,,NEON.PLA.D10.CPER.00010,,,NEON.DOC.000987vE,ATCA2,Atriplex canescens (Pursh) Nutt.,species,,,,,,kbarrett@neoninc.org,kbarrett@neoninc.org,
40fdeef8-0c3a-49a3-a61a-2361d1165b9a,CPER_013.basePlot.vst,2014-09-10,vst_CPER_2014,D10,CPER,CPER_013,31,,31,5.5,80.0,,NEON.PLA.D10.CPER.00011,,,NEON.DOC.000987vE,ATCA2,Atriplex canescens (Pursh) Nutt.,species,,,,,,kbarrett@neoninc.org,kbarrett@neoninc.org,
7d4b75d3-104e-47ab-9acd-77a1f91f982a,CPER_013.basePlot.vst,2014-09-10,vst_CPER_2014,D10,CPER,CPER_013,41,,41,8.7,81.0,,NEON.PLA.D10.CPER.00074,,,NEON.DOC.000987vE,ATCA2,Atriplex canescens (Pursh) Nutt.,species,,,,,,kbarrett@neoninc.org,kbarrett@neoninc.org,
104ff655-3aed-45f1-80f8-973ec311ba7b,CPER_013.basePlot.vst,2014-09-10,vst_CPER_2014,D10,CPER,CPER_013,31,,31,5.2,24.0,,NEON.PLA.D10.CPER.00006,,,NEON.DOC.000987vE,ATCA2,Atriplex canescens (Pursh) Nutt.,species,,,,,,kbarrett@neoninc.org,kbarrett@neoninc.org,
92faf14b-2dc1-41fb-89a8-853da0615d81,CPER_013.basePlot.vst,2014-09-10,vst_CPER_2014,D10,CPER,CPER_013,41,,41,2.5,76.0,,NEON.PLA.D10.CPER.00073,,,NEON.DOC.000987vE,ATCA2,Atriplex canescens (Pursh) Nutt.,species,,,,,,kbarrett@neoninc.org,kbarrett@neoninc.org,
ef3d4274-4c57-4f7e-a74d-082fe9ea9f8b,CPER_013.basePlot.vst,2014-09-10,vst_CPER_2014,D10,CPER,CPER_013,40,,41,6.9,236.0,,NEON.PLA.D10.CPER.00061,,,NEON.DOC.000987vE,ATCA2,Atriplex canescens (Pursh) Nutt.,species,,,,,,kbarrett@neoninc.org,kbarrett@neoninc.org,
1a0c3728-7953-4430-8b76-37573ddf151d,CPER_013.basePlot.vst,2014-09-10,vst_CPER_2014,D10,CPER,CPER_013,40,,41,8.9,288.0,,NEON.PLA.D10.CPER.00071,,,NEON.DOC.000987vE,ATCA2,Atriplex canescens (Pursh) Nutt.,species,,,,,,kbarrett@neoninc.org,kbarrett@neoninc.org,
b8e5f3e4-922e-43d1-9d89-f3a51045777d,CPER_013.basePlot.vst,2014-09-10,vst_CPER_2014,D10,CPER,CPER_013,32,,33,4.3,286.0,,NEON.PLA.D10.CPER.00026,,,NEON.DOC.000987vE,ATCA2,Atriplex canescens (Pursh) Nutt.,species,,,,,,kbarrett@neoninc.org,kbarrett@neoninc.org,
d5219512-b67b-4a5b-9261-9ca5e0e9306b,CPER_013.basePlot.vst,2014-09-10,vst_CPER_2014,D10,CPER,CPER_013,32,,33,8.8,335.0,,NEON.PLA.D10.CPER.00036,,,NEON.DOC.000987vE,ATCA2,Atriplex canescens (Pursh) Nutt.,species,,,,,,kbarrett@neoninc.org,kbarrett@neoninc.org,
0ef941df-e678-4ff8-b286-95951b3bd113,CPER_013.basePlot.vst,2014-09-10,vst_CPER_2014,D10,CPER,CPER_013,32,,33,4.5,287.0,,NEON.PLA.D10.CPER.00027,,,NEON.DOC.000987vE,ATCA2,Atriplex canescens (Pursh) Nutt.,species,,,,,,kbarrett@neoninc.org,kbarrett@neoninc.org,
571c9c11-e52b-4bce-b95d-8880386025d3,CPER_013.basePlot.vst,2014-09-10,vst_CPER_2014,D10,CPER,CPER_013,32,,33,1.3,285.0,,NEON.PLA.D10.CPER.00024,,,NEON.DOC.000987vE,ATCA2,Atriplex canescens (Pursh) Nutt.,species,,,,,,kbarrett@neoninc.org,kbarrett@neoninc.org,
5d3062cb-f934-4257-bfb2-3eb2c6386a60,CPER_013.basePlot.vst,2014-09-10,vst_CPER_2014,D10,CPER,CPER_013,32,,33,2.8,284.0,,NEON.PLA.D10.CPER.00025,,,NEON.DOC.000987vE,ATCA2,Atriplex canescens (Pursh) Nutt.,species,,,,,,kbarrett@neoninc.org,kbarrett@neoninc.org,
7412ef59-eaf3-4c14-a54e-6c73808b72ef,CPER_013.basePlot.vst,2014-09-10,vst_CPER_2014,D10,CPER,CPER_013,32,,33,8.6,304.0,,NEON.PLA.D10.CPER.00031,,,NEON.DOC.000987vE,ATCA2,Atriplex canescens (Pursh) Nutt.,species,,,,,,kbarrett@neoninc.org,kbarrett@neoninc.org,
aecca722-11cb-4873-8b97-93d953119cc5,CPER_013.basePlot.vst,2014-09-10,vst_CPER_2014,D10,CPER,CPER_013,32,,33,9.7,293.5,,NEON.PLA.D10.CPER.00029,,,NEON.DOC.000987vE,ATCA2,Atriplex canescens (Pursh) Nutt.,species,,,,,,kbarrett@neoninc.org,kbarrett@neoninc.org,
9e226a5f-a083-42ed-94e5-dafb37b64525,CPER_013.basePlot.vst,2014-09-10,vst_CPER_2014,D10,CPER,CPER_013,32,,33,10.1,322.0,,NEON.PLA.D10.CPER.00035,,,NEON.DOC.000987vE,ATCA2,Atriplex canescens (Pursh) Nutt.,species,,,,,,kbarrett@neoninc.org,kbarrett@neoninc.org,
656e86b2-b457-490d-ba88-18386e404dfd,CPER_013.basePlot.vst,2014-09-10,vst_CPER_2014,D10,CPER,CPER_013,32,,33,6.9,288.0,,NEON.PLA.D10.CPER.00028,,,NEON.DOC.000987vE,ATCA2,Atriplex canescens (Pursh) Nutt.,species,,,,,,kbarrett@neoninc.org,kbarrett@neoninc.org,
f4c8247a-c363-4dd2-bbf6-59780eff7286,CPER_013.basePlot.vst,2014-09-10,vst_CPER_2014,D10,CPER,CPER_013,32,,33,10.7,296.5,,NEON.PLA.D10.CPER.00030,,,NEON.DOC.000987vE,ATCA2,Atriplex canescens (Pursh) Nutt.,species,,,,,,kbarrett@neoninc.org,kbarrett@neoninc.org,
f2721809-a11d-4f8c-8d5f-00be91b67259,CPER_013.basePlot.vst,2014-09-10,vst_CPER_2014,D10,CPER,CPER_013,32,,33,8.2,325.0,,NEON.PLA.D10.CPER.00034,,,NEON.DOC.000987vE,ATCA2,Atriplex canescens (Pursh) Nutt.,species,,,,,,kbarrett@neoninc.org,kbarrett@neoninc.org,
132b5bfe-fdb6-4a63-9cd8-1a0f8dccdee1,CPER_013.basePlot.vst,2014-09-10,vst_CPER_2014,D10,CPER,CPER_013,32,,33,5.9,327.0,,NEON.PLA.D10.CPER.00033,,,NEON.DOC.000987vE,ATCA2,Atriplex canescens (Pursh) Nutt.,species,,,,,,kbarrett@neoninc.org,kbarrett@neoninc.org,
8fbe0560-ee9f-4030-b4ab-557101c5b74a,CPER_013.basePlot.vst,2014-09-10,vst_CPER_2014,D10,CPER,CPER_013,32,,33,6.2,304.0,,NEON.PLA.D10.CPER.00032,,,NEON.DOC.000987vE,ATCA2,Atriplex canescens (Pursh) Nutt.,species,,,,,,kbarrett@neoninc.org,kbarrett@neoninc.org,
7d0fed7b-e530-4dcf-b018-52096d7ab593,CPER_013.basePlot.vst,2014-09-10,vst_CPER_2014,D10,CPER,CPER_013,,,,,,,NEON.PLA.D10.CPER.00001,,,NEON.DOC.000987vE,ATCA2,Atriplex canescens (Pursh) Nutt.,species,,,,,,kbarrett@neoninc.org,kbarrett@neoninc.org,
5d84c90e-eb0f-41a4-98a2-41141da65ac8,CPER_013.basePlot.vst,2014-09-10,vst_CPER_2014,D10,CPER,CPER_013,40,,41,11.1,309.0,,NEON.PLA.D10.CPER.00066,,,NEON.DOC.000987vE,ATCA2,Atriplex canescens (Pursh) Nutt.,species,,,,,,kbarrett@neoninc.org,kbarrett@neoninc.org,
47864879-92fc-4f4c-997c-3a03f3d69d78,CPER_013.basePlot.vst,2014-09-10,vst_CPER_2014,D10,CPER,CPER_013,40,,41,3.8,284.0,,NEON.PLA.D10.CPER.00060,,,NEON.DOC.000987vE,ATCA2,Atriplex canescens (Pursh) Nutt.,species,,,,,,kbarrett@neoninc.org,kbarrett@neoninc.org,
1d1f567a-d48e-4b83-86fe-ad6070528893,CPER_013.basePlot.vst,2014-09-10,vst_CPER_2014,D10,CPER,CPER_013,31,,31,9.3,0.5,,NEON.PLA.D10.CPER.00023,,,NEON.DOC.000987vE,ATCA2,Atriplex canescens (Pursh) Nutt.,species,,,,,,kbarrett@neoninc.org,kbarrett@neoninc.org,
8148d58d-b733-4848-8d78-c4fd754aa447,CPER_013.basePlot.vst,2014-09-10,vst_CPER_2014,D10,CPER,CPER_013,31,,31,5.1,42.0,,NEON.PLA.D10.CPER.00007,,,NEON.DOC.000987vE,ATCA2,Atriplex canescens (Pursh) Nutt.,species,,,,,,kbarrett@neoninc.org,kbarrett@neoninc.org,
61d12133-6bcf-407c-b4e6-6acb2fd34021,CPER_013.basePlot.vst,2014-09-10,vst_CPER_2014,D10,CPER,CPER_013,40,,41,6.0,353.0,,NEON.PLA.D10.CPER.00065,,,NEON.DOC.000987vE,ATCA2,Atriplex canescens (Pursh) Nutt.,species,,,,,,kbarrett@neoninc.org,kbarrett@neoninc.org,
95a80393-940a-485d-a90b-ba57d0796bb8,CPER_013.basePlot.vst,2014-09-10,vst_CPER_2014,D10,CPER,CPER_013,40,,41,10.4,319.0,,NEON.PLA.D10.CPER.00059,,,NEON.DOC.000987vE,ATCA2,Atriplex canescens (Pursh) Nutt.,species,,,,,,kbarrett@neoninc.org,kbarrett@neoninc.org,
64dce447-2643-4d78-a373-4f808a1c5f03,CPER_013.basePlot.vst,2014-09-10,vst_CPER_2014,D10,CPER,CPER_013,41,,41,3.3,10.0,,NEON.PLA.D10.CPER.00077,,,NEON.DOC.000987vE,ATCA2,Atriplex canescens (Pursh) Nutt.,species,,,,,,kbarrett@neoninc.org,kbarrett@neoninc.org,
bd56f809-2735-4715-838c-92058bbaa6e4,CPER_013.basePlot.vst,2014-09-10,vst_CPER_2014,D10,CPER,CPER_013,31,,31,2.2,39.0,,NEON.PLA.D10.CPER.00002,,,NEON.DOC.000987vE,ATCA2,Atriplex canescens (Pursh) Nutt.,species,,,,,,kbarrett@neoninc.org,kbarrett@neoninc.org,
5072c4c4-44d2-46e5-a1ad-793ff06b3543,CPER_013.basePlot.vst,2014-09-10,vst_CPER_2014,D10,CPER,CPER_013,40,,41,9.7,298.0,,NEON.PLA.D10.CPER.00067,,,NEON.DOC.000987vE,ATCA2,Atriplex canescens (Pursh) Nutt.,species,,,,,,kbarrett@neoninc.org,kbarrett@neoninc.org,
33c399f5-ccd3-4835-81aa-1823ce7513a5,CPER_013.basePlot.vst,2014-09-10,vst_CPER_2014,D10,CPER,CPER_013,31,,31,7.4,48.0,,NEON.PLA.D10.CPER.00015,,,NEON.DOC.000987vE,ATCA2,Atriplex canescens (Pursh) Nutt.,species,,,,,,kbarrett@neoninc.org,kbarrett@neoninc.org,
260724e5-1cbd-4ff8-8070-6ef1da74ed34,CPER_013.basePlot.vst,2014-09-10,vst_CPER_2014,D10,CPER,CPER_013,31,,31,9.0,68.0,,NEON.PLA.D10.CPER.00014,,,NEON.DOC.000987vE,ATCA2,Atriplex canescens (Pursh) Nutt.,species,,,,,,kbarrett@neoninc.org,kbarrett@neoninc.org,
2822fe96-2202-477a-a603-0c95606cd2d3,CPER_013.basePlot.vst,2014-09-10,vst_CPER_2014,D10,CPER,CPER_013,40,,41,3.0,344.0,,NEON.PLA.D10.CPER.00062,,,NEON.DOC.000987vE,ATCA2,Atriplex canescens (Pursh) Nutt.,species,,,,,,kbarrett@neoninc.org,kbarrett@neoninc.org,
9869af4a-eb39-4337-a7ab-594af0fac826,CPER_013.basePlot.vst,2014-09-10,vst_CPER_2014,D10,CPER,CPER_013,40,,41,9.0,331.0,,NEON.PLA.D10.CPER.00063,,,NEON.DOC.000987vE,ATCA2,Atriplex canescens (Pursh) Nutt.,species,,,,,,kbarrett@neoninc.org,kbarrett@neoninc.org,
29efbf08-5991-4997-b408-c1ffc27d84a7,CPER_013.basePlot.vst,2014-09-10,vst_CPER_2014,D10,CPER,CPER_013,31,,31,8.1,6.0,,NEON.PLA.D10.CPER.00022,,,NEON.DOC.000987vE,ATCA2,Atriplex canescens (Pursh) Nutt.,species,,,,,,kbarrett@neoninc.org,kbarrett@neoninc.org,
9a8cd95d-4cbb-4813-aeba-465e12715e4a,CPER_013.basePlot.vst,2014-09-10,vst_CPER_2014,D10,CPER,CPER_013,31,,31,2.5,43.0,,NEON.PLA.D10.CPER.00003,,,NEON.DOC.000987vE,ATCA2,Atriplex canescens (Pursh) Nutt.,species,,,,,,kbarrett@neoninc.org,kbarrett@neoninc.org,
1e1993b3-9254-4e11-a672-53d58d14f232,CPER_013.basePlot.vst,2014-09-10,vst_CPER_2014,D10,CPER,CPER_013,41,,41,9.8,35.0,,NEON.PLA.D10.CPER.00075,,,NEON.DOC.000987vE,ATCA2,Atriplex canescens (Pursh) Nutt.,species,,,,,,kbarrett@neoninc.org,kbarrett@neoninc.org,
00b10697-c366-462b-994a-f576d12cc42e,CPER_013.basePlot.vst,2014-09-10,vst_CPER_2014,D10,CPER,CPER_013,40,,41,7.8,297.0,,NEON.PLA.D10.CPER.00068,,,NEON.DOC.000987vE,ATCA2,Atriplex canescens (Pursh) Nutt.,species,,,,,,kbarrett@neoninc.org,kbarrett@neoninc.org,
e1c873bb-6231-4e46-9805-5c6d68f80168,CPER_013.basePlot.vst,2014-09-10,vst_CPER_2014,D10,CPER,CPER_013,40,,41,10.3,292.0,,NEON.PLA.D10.CPER.00069,,,NEON.DOC.000987vE,ATCA2,Atriplex canescens (Pursh) Nutt.,species,,,,,,kbarrett@neoninc.org,kbarrett@neoninc.org,
668dab86-ae71-45f7-a4e2-ed9a0bb5cc07,CPER_013.basePlot.vst,2014-09-10,vst_CPER_2014,D10,CPER,CPER_013,31,,31,7.9,2.0,,NEON.PLA.D10.CPER.00021,,,NEON.DOC.000987vE,ATCA2,Atriplex canescens (Pursh) Nutt.,species,,,,,,kbarrett@neoninc.org,kbarrett@neoninc.org,
a6ec5edb-7105-4700-884e-5730bb0dcfa7,CPER_013.basePlot.vst,2014-09-10,vst_CPER_2014,D10,CPER,CPER_013,31,,31,4.1,80.5,,NEON.PLA.D10.CPER.00009,,,NEON.DOC.000987vE,ATCA2,Atriplex canescens (Pursh) Nutt.,species,,,,,,kbarrett@neoninc.org,kbarrett@neoninc.org,
840cae9c-236c-404d-ad91-f103b6dee9ae,CPER_013.basePlot.vst,2014-09-10,vst_CPER_2014,D10,CPER,CPER_013,31,,31,8.1,22.0,,NEON.PLA.D10.CPER.00019,,,NEON.DOC.000987vE,ATCA2,Atriplex canescens (Pursh) Nutt.,species,,,,,,kbarrett@neoninc.org,kbarrett@neoninc.org,
249ba479-b537-4f72-8757-0ec366b50570,CPER_013.basePlot.vst,2014-09-10,vst_CPER_2014,D10,CPER,CPER_013,31,,31,12.0,28.5,,NEON.PLA.D10.CPER.00018,,,NEON.DOC.000987vE,ATCA2,Atriplex canescens (Pursh) Nutt.,species,,,,,,kbarrett@neoninc.org,kbarrett@neoninc.org,
caf57ea5-0280-4dff-a2c1-fd800223be45,CPER_013.basePlot.vst,2014-09-10,vst_CPER_2014,D10,CPER,CPER_013,31,,31,12.5,37.5,,NEON.PLA.D10.CPER.00017,,,NEON.DOC.000987vE,ATCA2,Atriplex canescens (Pursh) Nutt.,species,,,,,,kbarrett@neoninc.org,kbarrett@neoninc.org,
5dbb41bf-3a64-479e-9b00-fa8d1dee2a92,CPER_013.basePlot.vst,2014-09-10,vst_CPER_2014,D10,CPER,CPER_013,31,,31,9.4,24.0,,NEON.PLA.D10.CPER.00020,,,NEON.DOC.000987vE,ATCA2,Atriplex canescens (Pursh) Nutt.,species,,,,,,kbarrett@neoninc.org,kbarrett@neoninc.org,
a8c7cdb0-b9d0-45e0-8462-33f309d2146e,CPER_013.basePlot.vst,2014-09-10,vst_CPER_2014,D10,CPER,CPER_013,31,,31,4.0,74.0,,NEON.PLA.D10.CPER.00008,,,NEON.DOC.000987vE,ATCA2,Atriplex canescens (Pursh) Nutt.,species,,,,,,kbarrett@neoninc.org,kbarrett@neoninc.org,
d2c3dabe-0d01-4a00-bbca-2509b370e029,CPER_013.basePlot.vst,2014-09-10,vst_CPER_2014,D10,CPER,CPER_013,31,,31,3.5,19.5,,NEON.PLA.D10.CPER.00005,,,NEON.DOC.000987vE,ATCA2,Atriplex canescens (Pursh) Nutt.,species,,,,,,kbarrett@neoninc.org,kbarrett@neoninc.org,
8545f4bc-6c30-44d4-8b4c-a73bc399251f,CPER_013.basePlot.vst,2014-09-10,vst_CPER_2014,D10,CPER,CPER_013,40,,41,3.3,272.0,,NEON.PLA.D10.CPER.00064,,,NEON.DOC.000987vE,ATCA2,Atriplex canescens (Pursh) Nutt.,species,,,,,,kbarrett@neoninc.org,kbarrett@neoninc.org,
74b2dbbc-5b68-4ebb-b01b-f9d6146fc4e0,CPER_013.basePlot.vst,2014-09-10,vst_CPER_2014,D10,CPER,CPER_013,40,,41,12.8,322.0,,NEON.PLA.D10.CPER.00058,,,NEON.DOC.000987vE,ATCA2,Atriplex canescens (Pursh) Nutt.,species,,,,,,kbarrett@neoninc.org,kbarrett@neoninc.org,
c265cf0b-77d1-4ba7-ab4f-49de0f4155fa,CPER_013.basePlot.vst,2014-09-10,vst_CPER_2014,D10,CPER,CPER_013,40,,41,8.1,274.0,,NEON.PLA.D10.CPER.00070,,,NEON.DOC.000987vE,ATCA2,Atriplex canescens (Pursh) Nutt.,species,,,,,,kbarrett@neoninc.org,kbarrett@neoninc.org,
b83f4030-9b4c-46eb-9018-100635b24167,CPER_004.basePlot.vst,2014-09-11,vst_CPER_2014,D10,CPER,CPER_004,32,,41,6.2,96.0,,NEON.PLA.D10.CPER.00044,,,NEON.DOC.000987vE,ATCA2,Atriplex canescens (Pursh) Nutt.,species,,,,,,kbarrett@neoninc.org,kbarrett@neoninc.org,
076306be-eed0-4246-9e69-ade860aa936d,CPER_004.basePlot.vst,2014-09-11,vst_CPER_2014,D10,CPER,CPER_004,41,,41,6.1,87.0,,NEON.PLA.D10.CPER.00045,,,NEON.DOC.000987vE,ATCA2,Atriplex canescens (Pursh) Nutt.,species,,,,,,kbarrett@neoninc.org,kbarrett@neoninc.org,
e2334936-74d1-4694-9500-79a41a67270c,CPER_004.basePlot.vst,2014-09-11,vst_CPER_2014,D10,CPER,CPER_004,41,,41,9.7,13.0,,NEON.PLA.D10.CPER.00051,,,NEON.DOC.000987vE,ATCA2,Atriplex canescens (Pursh) Nutt.,species,,,,,,kbarrett@neoninc.org,kbarrett@neoninc.org,
28770ecb-378d-40df-927e-7048e109a0d4,CPER_004.basePlot.vst,2014-09-11,vst_CPER_2014,D10,CPER,CPER_004,41,,41,5.7,85.9,,NEON.PLA.D10.CPER.00195,,,NEON.DOC.000987vE,ATCA2,Atriplex canescens (Pursh) Nutt.,species,,,,,,kbarrett@neoninc.org,kbarrett@neoninc.org,
973f24a5-363b-405a-b459-eb97049b11ab,CPER_004.basePlot.vst,2014-09-11,vst_CPER_2014,D10,CPER,CPER_004,41,,41,8.2,14.0,,NEON.PLA.D10.CPER.00055,,,NEON.DOC.000987vE,ATCA2,Atriplex canescens (Pursh) Nutt.,species,,,,,,kbarrett@neoninc.org,kbarrett@neoninc.org,
92bcff62-3419-43eb-a8ea-ba1448ad7292,CPER_004.basePlot.vst,2014-09-11,vst_CPER_2014,D10,CPER,CPER_004,40,,41,6.3,320.0,,NEON.PLA.D10.CPER.00056,,,NEON.DOC.000987vE,ATCA2,Atriplex canescens (Pursh) Nutt.,species,,,,,,kbarrett@neoninc.org,kbarrett@neoninc.org,
abe1212e-afa8-4e75-9873-fb8f4e6001a9,CPER_004.basePlot.vst,2014-09-11,vst_CPER_2014,D10,CPER,CPER_004,32,,33,9.3,343.0,,NEON.PLA.D10.CPER.00040,,,NEON.DOC.000987vE,ATCA2,Atriplex canescens (Pursh) Nutt.,species,,,,,,kbarrett@neoninc.org,kbarrett@neoninc.org,
9fe94391-abb6-4f3a-a426-62ca3e21d909,CPER_004.basePlot.vst,2014-09-11,vst_CPER_2014,D10,CPER,CPER_004,40,,41,5.0,328.0,,NEON.PLA.D10.CPER.00054,,,NEON.DOC.000987vE,ATCA2,Atriplex canescens (Pursh) Nutt.,species,,,,,,kbarrett@neoninc.org,kbarrett@neoninc.org,
387d4df1-ab24-4618-85b0-6496a5a3be49,CPER_004.basePlot.vst,2014-09-11,vst_CPER_2014,D10,CPER,CPER_004,41,,41,6.6,87.0,,NEON.PLA.D10.CPER.00050,,,NEON.DOC.000987vE,ATCA2,Atriplex canescens (Pursh) Nutt.,species,,,,,,kbarrett@neoninc.org,kbarrett@neoninc.org,
3afb9197-ef8c-42c4-9b0b-19589402b8f2,CPER_004.basePlot.vst,2014-09-11,vst_CPER_2014,D10,CPER,CPER_004,41,,41,4.7,25.0,,NEON.PLA.D10.CPER.00049,,,NEON.DOC.000987vE,ATCA2,Atriplex canescens (Pursh) Nutt.,species,,,,,,kbarrett@neoninc.org,kbarrett@neoninc.org,
298eee02-e5dd-43d3-94e7-fb168569bbcf,CPER_004.basePlot.vst,2014-09-11,vst_CPER_2014,D10,CPER,CPER_004,40,,41,7.7,332.0,,NEON.PLA.D10.CPER.00053,,,NEON.DOC.000987vE,ATCA2,Atriplex canescens (Pursh) Nutt.,species,,,,,,kbarrett@neoninc.org,kbarrett@neoninc.org,
13f97578-62f9-4d18-b739-1adea72d2814,CPER_004.basePlot.vst,2014-09-11,vst_CPER_2014,D10,CPER,CPER_004,32,,33,5.7,330.0,,NEON.PLA.D10.CPER.00037,,,NEON.DOC.000987vE,ATCA2,Atriplex canescens (Pursh) Nutt.,species,,,,,,kbarrett@neoninc.org,kbarrett@neoninc.org,
567b6c1b-e6ef-45f8-b99a-5df0987affbd,CPER_004.basePlot.vst,2014-09-11,vst_CPER_2014,D10,CPER,CPER_004,41,,41,8.7,54.0,,NEON.PLA.D10.CPER.00047,,,NEON.DOC.000987vE,ATCA2,Atriplex canescens (Pursh) Nutt.,species,,,,,,kbarrett@neoninc.org,kbarrett@neoninc.org,
3476f00c-7979-4764-97f8-8130449378dc,CPER_004.basePlot.vst,2014-09-11,vst_CPER_2014,D10,CPER,CPER_004,41,,41,4.6,72.0,,NEON.PLA.D10.CPER.00046,,,NEON.DOC.000987vE,ATCA2,Atriplex canescens (Pursh) Nutt.,species,,,,,,kbarrett@neoninc.org,kbarrett@neoninc.org,
f40c9e22-0973-42c9-ae91-ee0040de3a6c,CPER_004.basePlot.vst,2014-09-11,vst_CPER_2014,D10,CPER,CPER_004,32,,33,7.8,315.0,,NEON.PLA.D10.CPER.00038,,,NEON.DOC.000987vE,ATCA2,Atriplex canescens (Pursh) Nutt.,species,,,,,,kbarrett@neoninc.org,kbarrett@neoninc.org,
80e2a53e-21be-4e31-95ff-e37ab0b197ca,CPER_004.basePlot.vst,2014-09-11,vst_CPER_2014,D10,CPER,CPER_004,32,,33,9.7,328.0,,NEON.PLA.D10.CPER.00042,,,NEON.DOC.000987vE,ATCA2,Atriplex canescens (Pursh) Nutt.,species,,,,,,kbarrett@neoninc.org,kbarrett@neoninc.org,
c66175bf-91be-4a6b-b16f-7ba98fce1b81,CPER_004.basePlot.vst,2014-09-11,vst_CPER_2014,D10,CPER,CPER_004,32,,33,6.8,358.0,,NEON.PLA.D10.CPER.00043,,,NEON.DOC.000987vE,ATCA2,Atriplex canescens (Pursh) Nutt.,species,,,,,,kbarrett@neoninc.org,kbarrett@neoninc.org,
9c47c6bf-743a-454d-8e92-e2542076c431,CPER_004.basePlot.vst,2014-09-11,vst_CPER_2014,D10,CPER,CPER_004,40,,41,7.5,314.0,,NEON.PLA.D10.CPER.00048,,,NEON.DOC.000987vE,ATCA2,Atriplex canescens (Pursh) Nutt.,species,,,,,,kbarrett@neoninc.org,kbarrett@neoninc.org,
5723365a-33b5-4ba7-9ad7-85b1b041484f,CPER_004.basePlot.vst,2014-09-11,vst_CPER_2014,D10,CPER,CPER_004,40,,41,5.5,342.0,,NEON.PLA.D10.CPER.00057,,,NEON.DOC.000987vE,ATCA2,Atriplex canescens (Pursh) Nutt.,species,,,,,,kbarrett@neoninc.org,kbarrett@neoninc.org,
b4cda9af-47cf-4e60-be3f-e7aa6ae45436,CPER_004.basePlot.vst,2014-09-11,vst_CPER_2014,D10,CPER,CPER_004,32,,33,9.8,340.0,,NEON.PLA.D10.CPER.00039,,,NEON.DOC.000987vE,ATCA2,Atriplex canescens (Pursh) Nutt.,species,,,,,,kbarrett@neoninc.org,kbarrett@neoninc.org,
f335dc9a-5854-40ec-9ab7-21603366df66,CPER_004.basePlot.vst,2014-09-11,vst_CPER_2014,D10,CPER,CPER_004,32,,33,10.5,328.0,,NEON.PLA.D10.CPER.00041,,,NEON.DOC.000987vE,ATCA2,Atriplex canescens (Pursh) Nutt.,species,,,,,,kbarrett@neoninc.org,kbarrett@neoninc.org,
d740499c-1e23-4aff-b5e7-c2244cab7698,CPER_004.basePlot.vst,2014-09-11,vst_CPER_2014,D10,CPER,CPER_004,41,,41,8.9,19.0,,NEON.PLA.D10.CPER.00052,,,NEON.DOC.000987vE,ATCA2,Atriplex canescens (Pursh) Nutt.,species,,,,,,kbarrett@neoninc.org,kbarrett@neoninc.org,
f5855eea-a9f1-46ae-9a7d-390bd3c1f782,CPER_010.basePlot.vst,2014-09-15,vst_CPER_2014,D10,CPER,CPER_010,32,,33,7.2,281.0,,NEON.PLA.D10.CPER.00086,,,NEON.DOC.000987vE,ATCA2,Atriplex canescens (Pursh) Nutt.,species,,,,,,kbarrett@neoninc.org,kbarrett@neoninc.org,
d14a1773-9708-4ef1-b0cf-ba93d0455dd3,CPER_010.basePlot.vst,2014-09-15,vst_CPER_2014,D10,CPER,CPER_010,31,,41,1.1,198.0,,NEON.PLA.D10.CPER.00083,,,NEON.DOC.000987vE,ATCA2,Atriplex canescens (Pursh) Nutt.,species,,,,,,kbarrett@neoninc.org,kbarrett@neoninc.org,
475405e4-5a2f-497c-9213-213da0834d0f,CPER_010.basePlot.vst,2014-09-15,vst_CPER_2014,D10,CPER,CPER_010,31,,31,7.0,78.0,,NEON.PLA.D10.CPER.00079,,,NEON.DOC.000987vE,ATCA2,Atriplex canescens (Pursh) Nutt.,species,,,,,,kbarrett@neoninc.org,kbarrett@neoninc.org,
cace2d9b-1464-412f-9651-2a41904a9477,CPER_010.basePlot.vst,2014-09-15,vst_CPER_2014,D10,CPER,CPER_010,31,,41,8.3,254.0,,NEON.PLA.D10.CPER.00081,,,NEON.DOC.000987vE,ATCA2,Atriplex canescens (Pursh) Nutt.,species,,,,,,kbarrett@neoninc.org,kbarrett@neoninc.org,
bf6097ed-c75f-4eb6-94e7-9dd087a5d062,CPER_010.basePlot.vst,2014-09-15,vst_CPER_2014,D10,CPER,CPER_010,32,,33,8.0,299.0,,NEON.PLA.D10.CPER.00087,,,NEON.DOC.000987vE,ATCA2,Atriplex canescens (Pursh) Nutt.,species,,,,,,kbarrett@neoninc.org,kbarrett@neoninc.org,
8361666c-17dd-44eb-a0ce-9b12efcc4b65,CPER_010.basePlot.vst,2014-09-15,vst_CPER_2014,D10,CPER,CPER_010,41,,41,0.7,8.0,,NEON.PLA.D10.CPER.00094,,,NEON.DOC.000987vE,ATCA2,Atriplex canescens (Pursh) Nutt.,species,,,,,,kbarrett@neoninc.org,kbarrett@neoninc.org,
97322f2c-b0bd-42dd-903a-15bd82ba94f7,CPER_010.basePlot.vst,2014-09-15,vst_CPER_2014,D10,CPER,CPER_010,31,,41,2.7,174.0,,NEON.PLA.D10.CPER.00082,,,NEON.DOC.000987vE,ATCA2,Atriplex canescens (Pursh) Nutt.,species,,,,,,kbarrett@neoninc.org,kbarrett@neoninc.org,
97b2fce4-b9d5-401c-85f3-6f006c224715,CPER_017.basePlot.vst,2014-09-15,vst_CPER_2014,D10,CPER,CPER_017,41,,51,6.7,236.0,,NEON.PLA.D10.CPER.00106,,,NEON.DOC.000987vE,ERNAN5,Ericameria nauseosa (Pall. ex Pursh) G.L. Nesom & Baird ssp. nauseosa var. nauseosa,variety,,,,,,kbarrett@neoninc.org,kbarrett@neoninc.org,
d447feda-58a5-4508-911d-a6673a13e305,CPER_010.basePlot.vst,2014-09-15,vst_CPER_2014,D10,CPER,CPER_010,31,,31,7.4,79.0,,NEON.PLA.D10.CPER.00080,,,NEON.DOC.000987vE,ATCA2,Atriplex canescens (Pursh) Nutt.,species,,,,,,kbarrett@neoninc.org,kbarrett@neoninc.org,
69a6bd3e-aa18-4815-bb14-66a9e2f9d203,CPER_010.basePlot.vst,2014-09-15,vst_CPER_2014,D10,CPER,CPER_010,32,,41,3.6,90.5,,NEON.PLA.D10.CPER.00090,,,NEON.DOC.000987vE,ATCA2,Atriplex canescens (Pursh) Nutt.,species,,,,,,kbarrett@neoninc.org,kbarrett@neoninc.org,
8918a869-5773-4a6f-bbfa-4e5484184b99,CPER_010.basePlot.vst,2014-09-15,vst_CPER_2014,D10,CPER,CPER_010,41,,41,6.4,20.0,,NEON.PLA.D10.CPER.00098,,,NEON.DOC.000987vE,ATCA2,Atriplex canescens (Pursh) Nutt.,species,,,,,,kbarrett@neoninc.org,kbarrett@neoninc.org,
6c6ac5de-c8eb-4c1d-9877-fc0c02318e9a,CPER_010.basePlot.vst,2014-09-15,vst_CPER_2014,D10,CPER,CPER_010,41,,41,1.4,53.0,,NEON.PLA.D10.CPER.00092,,,NEON.DOC.000987vE,ATCA2,Atriplex canescens (Pursh) Nutt.,species,,,,,,kbarrett@neoninc.org,kbarrett@neoninc.org,
f42e105e-46c3-4fdd-915c-4062afe8feee,CPER_010.basePlot.vst,2014-09-15,vst_CPER_2014,D10,CPER,CPER_010,41,,41,3.0,73.5,,NEON.PLA.D10.CPER.00097,,,NEON.DOC.000987vE,ATCA2,Atriplex canescens (Pursh) Nutt.,species,,,,,,kbarrett@neoninc.org,kbarrett@neoninc.org,
54f14b0d-4f00-43f8-8619-50ba0f21cff4,CPER_010.basePlot.vst,2014-09-15,vst_CPER_2014,D10,CPER,CPER_010,41,,41,1.2,45.0,,NEON.PLA.D10.CPER.00096,,,NEON.DOC.000987vE,ATCA2,Atriplex canescens (Pursh) Nutt.,species,,,,,,kbarrett@neoninc.org,kbarrett@neoninc.org,
99ba9fb4-feaa-4318-9ca7-c1b90f2df3f3,CPER_010.basePlot.vst,2014-09-15,vst_CPER_2014,D10,CPER,CPER_010,31,,41,0.8,216.0,,NEON.PLA.D10.CPER.00085,,,NEON.DOC.000987vE,ATCA2,Atriplex canescens (Pursh) Nutt.,species,,,,,,kbarrett@neoninc.org,kbarrett@neoninc.org,
1d478900-a56c-4b88-b297-548a0302c6b3,CPER_010.basePlot.vst,2014-09-15,vst_CPER_2014,D10,CPER,CPER_010,32,,41,1.1,101.0,,NEON.PLA.D10.CPER.00089,,,NEON.DOC.000987vE,ATCA2,Atriplex canescens (Pursh) Nutt.,species,,,,,,kbarrett@neoninc.org,kbarrett@neoninc.org,
fa36b858-84e4-403e-ac7e-a20696efe9c8,CPER_010.basePlot.vst,2014-09-15,vst_CPER_2014,D10,CPER,CPER_010,41,,41,10.3,18.0,,NEON.PLA.D10.CPER.00100,,,NEON.DOC.000987vE,ATCA2,Atriplex canescens (Pursh) Nutt.,species,,,,,,kbarrett@neoninc.org,kbarrett@neoninc.org,
9a467f5d-c14c-457f-9402-5656f32fc890,CPER_010.basePlot.vst,2014-09-15,vst_CPER_2014,D10,CPER,CPER_010,41,,41,6.4,41.5,,NEON.PLA.D10.CPER.00099,,,NEON.DOC.000987vE,ATCA2,Atriplex canescens (Pursh) Nutt.,species,,,,,,kbarrett@neoninc.org,kbarrett@neoninc.org,
b9e39fec-6f59-41a8-b96e-3a3b377cba3d,CPER_010.basePlot.vst,2014-09-15,vst_CPER_2014,D10,CPER,CPER_010,32,,33,7.1,317.0,,NEON.PLA.D10.CPER.00088,,,NEON.DOC.000987vE,ATCA2,Atriplex canescens (Pursh) Nutt.,species,,,,,,kbarrett@neoninc.org,kbarrett@neoninc.org,
ea698ced-e9db-4488-baf6-aa652da61b86,CPER_010.basePlot.vst,2014-09-15,vst_CPER_2014,D10,CPER,CPER_010,40,,41,5.6,320.0,,NEON.PLA.D10.CPER.00101,,,NEON.DOC.000987vE,ATCA2,Atriplex canescens (Pursh) Nutt.,species,,,,,,kbarrett@neoninc.org,kbarrett@neoninc.org,
419a5da9-c502-46ed-8664-3b769683dfe3,CPER_010.basePlot.vst,2014-09-15,vst_CPER_2014,D10,CPER,CPER_010,32,,41,8.4,90.0,,NEON.PLA.D10.CPER.00091,,,NEON.DOC.000987vE,ATCA2,Atriplex canescens (Pursh) Nutt.,species,,,,,,kbarrett@neoninc.org,kbarrett@neoninc.org,
72048b7b-6f4e-4b8d-9628-ce201733d383,CPER_010.basePlot.vst,2014-09-15,vst_CPER_2014,D10,CPER,CPER_010,41,,41,1.2,29.0,,NEON.PLA.D10.CPER.00093,,,NEON.DOC.000987vE,ATCA2,Atriplex canescens (Pursh) Nutt.,species,,,,,,kbarrett@neoninc.org,kbarrett@neoninc.org,
543fa285-754e-4ef6-99d0-d4f41d4ff6a8,CPER_010.basePlot.vst,2014-09-15,vst_CPER_2014,D10,CPER,CPER_010,31,,41,1.0,180.0,,NEON.PLA.D10.CPER.00084,,,NEON.DOC.000987vE,ATCA2,Atriplex canescens (Pursh) Nutt.,species,,,,,,kbarrett@neoninc.org,kbarrett@neoninc.org,
1edec220-1925-4c75-bc61-eacc52b67612,CPER_010.basePlot.vst,2014-09-15,vst_CPER_2014,D10,CPER,CPER_010,41,,41,0.9,45.0,,NEON.PLA.D10.CPER.00095,,,NEON.DOC.000987vE,ATCA2,Atriplex canescens (Pursh) Nutt.,species,,,,,,kbarrett@neoninc.org,kbarrett@neoninc.org,
d9aa427c-9a65-4de0-b150-7c6248f807c5,CPER_007.basePlot.vst,2014-09-16,vst_CPER_2014,D10,CPER,CPER_007,31,,31,7.2,6.0,,NEON.PLA.D10.CPER.00103,,,NEON.DOC.000987vE,ATCA2,Atriplex canescens (Pursh) Nutt.,species,,,,,,kbarrett@neoninc.org,kbarrett@neoninc.org,
98602898-6dca-426e-90af-3d34d0268d28,CPER_007.basePlot.vst,2014-09-16,vst_CPER_2014,D10,CPER,CPER_007,40,,41,6.1,304.0,,NEON.PLA.D10.CPER.00105,,,NEON.DOC.000987vE,ATCA2,Atriplex canescens (Pursh) Nutt.,species,,,,,,kbarrett@neoninc.org,kbarrett@neoninc.org,
b3d8bf1a-8602-4005-b73a-13bca06fe2d1,CPER_007.basePlot.vst,2014-09-16,vst_CPER_2014,D10,CPER,CPER_007,31,,31,3.4,20.0,,NEON.PLA.D10.CPER.00102,,,NEON.DOC.000987vE,ATCA2,Atriplex canescens (Pursh) Nutt.,species,,,,,,kbarrett@neoninc.org,kbarrett@neoninc.org,
853e51ea-ee26-458e-b24a-558cfb0a3f2e,CPER_007.basePlot.vst,2014-09-16,vst_CPER_2014,D10,CPER,CPER_007,40,,41,8.1,279.0,,NEON.PLA.D10.CPER.00104,,,NEON.DOC.000987vE,ATCA2,Atriplex canescens (Pursh) Nutt.,species,,,,,,kbarrett@neoninc.org,kbarrett@neoninc.org,
f451739e-afcf-4d78-b4a4-3a9a37045627,CPER_001.basePlot.vst,2014-09-18,vst_CPER_2014,D10,CPER,CPER_001,40,,49,9.4,91.0,,NEON.PLA.D10.CPER.00120,,,NEON.DOC.000987vE,ATCA2,Atriplex canescens (Pursh) Nutt.,species,,,,,,kbarrett@neoninc.org,kbarrett@neoninc.org,
823e8692-9886-4de4-bc11-f596be2d9f07,CPER_020.basePlot.vst,2014-09-18,vst_CPER_2014,D10,CPER,CPER_020,,,,,,,NEON.PLA.D10.CPER.00185,,,NEON.DOC.000987vE,ATCA2,Atriplex canescens (Pursh) Nutt.,species,,,,,,kbarrett@neoninc.org,kbarrett@neoninc.org,
ee204b55-69e2-4d41-896d-0b36c6000aca,CPER_020.basePlot.vst,2014-09-18,vst_CPER_2014,D10,CPER,CPER_020,41,,41,8.1,136.0,,NEON.PLA.D10.CPER.00180,,,NEON.DOC.000987vE,ATCA2,Atriplex canescens (Pursh) Nutt.,species,,,,,,kbarrett@neoninc.org,kbarrett@neoninc.org,
8d8c130e-ec84-4d89-a1db-d87368a877e4,CPER_020.basePlot.vst,2014-09-18,vst_CPER_2014,D10,CPER,CPER_020,,,,,,,NEON.PLA.D10.CPER.00124,,,NEON.DOC.000987vE,ATCA2,Atriplex canescens (Pursh) Nutt.,species,,,,,,kbarrett@neoninc.org,kbarrett@neoninc.org,
9829ac02-b1ac-4fb2-8a46-3dad36638081,CPER_020.basePlot.vst,2014-09-18,vst_CPER_2014,D10,CPER,CPER_020,41,,41,8.9,72.3,,NEON.PLA.D10.CPER.00190,,,NEON.DOC.000987vE,ATCA2,Atriplex canescens (Pursh) Nutt.,species,,,,,,kbarrett@neoninc.org,kbarrett@neoninc.org,
ce8a02e9-750e-4a65-bd51-3966c3ce735f,CPER_020.basePlot.vst,2014-09-18,vst_CPER_2014,D10,CPER,CPER_020,,,,,,,NEON.PLA.D10.CPER.00178,,,NEON.DOC.000987vE,ATCA2,Atriplex canescens (Pursh) Nutt.,species,,,,,,kbarrett@neoninc.org,kbarrett@neoninc.org,
403589bb-64f6-4ba9-aece-5ebfb5187cb5,CPER_020.basePlot.vst,2014-09-18,vst_CPER_2014,D10,CPER,CPER_020,41,,41,12.4,40.1,,NEON.PLA.D10.CPER.00184,,,NEON.DOC.000987vE,ATCA2,Atriplex canescens (Pursh) Nutt.,species,,,,,,kbarrett@neoninc.org,kbarrett@neoninc.org,
50f66825-b216-4a81-a459-8c081d89e353,CPER_020.basePlot.vst,2014-09-18,vst_CPER_2014,D10,CPER,CPER_020,41,,41,11.6,45.8,,NEON.PLA.D10.CPER.00186,,,NEON.DOC.000987vE,ATCA2,Atriplex canescens (Pursh) Nutt.,species,,,,,,kbarrett@neoninc.org,kbarrett@neoninc.org,
a7fbcfaa-2388-4496-9e30-26730725221d,CPER_020.basePlot.vst,2014-09-18,vst_CPER_2014,D10,CPER,CPER_020,41,,41,4.5,44.6,,NEON.PLA.D10.CPER.00193,,,NEON.DOC.000987vE,ATCA2,Atriplex canescens (Pursh) Nutt.,species,,,,,,kbarrett@neoninc.org,kbarrett@neoninc.org,
48d97ba7-4c53-4128-94f2-99b52a570852,CPER_020.basePlot.vst,2014-09-18,vst_CPER_2014,D10,CPER,CPER_020,41,,41,9.4,53.3,,NEON.PLA.D10.CPER.00189,,,NEON.DOC.000987vE,ATCA2,Atriplex canescens (Pursh) Nutt.,species,,,,,,kbarrett@neoninc.org,kbarrett@neoninc.org,
0bbe5470-ee48-4abb-8187-f0906dd26eec,CPER_020.basePlot.vst,2014-09-18,vst_CPER_2014,D10,CPER,CPER_020,41,,41,12.1,36.9,,NEON.PLA.D10.CPER.00183,,,NEON.DOC.000987vE,ATCA2,Atriplex canescens (Pursh) Nutt.,species,,,,,,kbarrett@neoninc.org,kbarrett@neoninc.org,
91eec1e6-ddcd-490e-8865-4a4525af3bfe,CPER_020.basePlot.vst,2014-09-18,vst_CPER_2014,D10,CPER,CPER_020,41,,41,9.9,78.1,,NEON.PLA.D10.CPER.00181,,,NEON.DOC.000987vE,ATCA2,Atriplex canescens (Pursh) Nutt.,species,,,,,,kbarrett@neoninc.org,kbarrett@neoninc.org,
8bc31c89-2524-4c52-878b-516425cf2fb2,CPER_020.basePlot.vst,2014-09-18,vst_CPER_2014,D10,CPER,CPER_020,41,,41,11.2,54.5,,NEON.PLA.D10.CPER.00188,,,NEON.DOC.000987vE,ATCA2,Atriplex canescens (Pursh) Nutt.,species,,,,,,kbarrett@neoninc.org,kbarrett@neoninc.org,
7bc65cd7-ffe0-4734-8d79-af2320aebde2,CPER_020.basePlot.vst,2014-09-18,vst_CPER_2014,D10,CPER,CPER_020,41,,41,11.9,33.5,,NEON.PLA.D10.CPER.00182,,,NEON.DOC.000987vE,ATCA2,Atriplex canescens (Pursh) Nutt.,species,,,,,,kbarrett@neoninc.org,kbarrett@neoninc.org,
dbde35df-5fb0-4ac3-9069-120ba2f526ba,CPER_020.basePlot.vst,2014-09-18,vst_CPER_2014,D10,CPER,CPER_020,41,,41,7.1,77.3,,NEON.PLA.D10.CPER.00191,,,NEON.DOC.000987vE,ATCA2,Atriplex canescens (Pursh) Nutt.,species,,,,,,kbarrett@neoninc.org,kbarrett@neoninc.org,
91b7bf85-b660-4f2b-9faa-352e7b3c280b,CPER_020.basePlot.vst,2014-09-18,vst_CPER_2014,D10,CPER,CPER_020,41,,41,3.2,8.8,,NEON.PLA.D10.CPER.00194,,,NEON.DOC.000987vE,ATCA2,Atriplex canescens (Pursh) Nutt.,species,,,,,,kbarrett@neoninc.org,kbarrett@neoninc.org,
a552c3b3-d7bc-4ea1-bba2-a351ec65ad9e,CPER_020.basePlot.vst,2014-09-18,vst_CPER_2014,D10,CPER,CPER_020,41,,41,6.1,52.6,,NEON.PLA.D10.CPER.00192,,,NEON.DOC.000987vE,ATCA2,Atriplex canescens (Pursh) Nutt.,species,,,,,,kbarrett@neoninc.org,kbarrett@neoninc.org,
5ad6f449-db03-471f-85b0-29e263c9af72,CPER_020.basePlot.vst,2014-09-18,vst_CPER_2014,D10,CPER,CPER_020,31,,31,5.1,62.0,,NEON.PLA.D10.CPER.00130,,,NEON.DOC.000987vE,ATCA2,Atriplex canescens (Pursh) Nutt.,species,,,,,,kbarrett@neoninc.org,kbarrett@neoninc.org,
9188d75b-b685-4025-9a76-42a675ae1bfb,CPER_020.basePlot.vst,2014-09-18,vst_CPER_2014,D10,CPER,CPER_020,32,,33,9.4,325.0,,NEON.PLA.D10.CPER.00142,,,NEON.DOC.000987vE,ATCA2,Atriplex canescens (Pursh) Nutt.,species,,,,,,kbarrett@neoninc.org,kbarrett@neoninc.org,
dccb4ec3-4c6d-46d7-bb18-b143397c8e1d,CPER_020.basePlot.vst,2014-09-18,vst_CPER_2014,D10,CPER,CPER_020,31,,31,3.2,68.0,,NEON.PLA.D10.CPER.00132,,,NEON.DOC.000987vE,ATCA2,Atriplex canescens (Pursh) Nutt.,species,,,,,,kbarrett@neoninc.org,kbarrett@neoninc.org,
94e464f0-06ed-4032-8749-07db63bdaf02,CPER_020.basePlot.vst,2014-09-18,vst_CPER_2014,D10,CPER,CPER_020,40,,41,7.6,334.2,,NEON.PLA.D10.CPER.00179,,,NEON.DOC.000987vE,ATCA2,Atriplex canescens (Pursh) Nutt.,species,,,,,,kbarrett@neoninc.org,kbarrett@neoninc.org,
fd82a7d5-5d4c-4eb0-81cd-292cbd832d4c,CPER_020.basePlot.vst,2014-09-18,vst_CPER_2014,D10,CPER,CPER_020,32,,33,2.2,321.0,,NEON.PLA.D10.CPER.00139,,,NEON.DOC.000987vE,ATCA2,Atriplex canescens (Pursh) Nutt.,species,,,,,,kbarrett@neoninc.org,kbarrett@neoninc.org,
0e044037-4714-4cb1-985f-04e0d7f71006,CPER_020.basePlot.vst,2014-09-18,vst_CPER_2014,D10,CPER,CPER_020,32,,33,7.1,304.0,,NEON.PLA.D10.CPER.00138,,,NEON.DOC.000987vE,ATCA2,Atriplex canescens (Pursh) Nutt.,species,,,,,,kbarrett@neoninc.org,kbarrett@neoninc.org,
023d7efd-516b-4c4a-8379-d0184acf90ef,CPER_020.basePlot.vst,2014-09-18,vst_CPER_2014,D10,CPER,CPER_020,32,,33,9.2,321.0,,NEON.PLA.D10.CPER.00141,,,NEON.DOC.000987vE,ATCA2,Atriplex canescens (Pursh) Nutt.,species,,,,,,kbarrett@neoninc.org,kbarrett@neoninc.org,
bc1e5cb3-247e-4daf-a1fd-5c6792c71e28,CPER_020.basePlot.vst,2014-09-18,vst_CPER_2014,D10,CPER,CPER_020,41,,41,11.5,49.4,,NEON.PLA.D10.CPER.00187,,,NEON.DOC.000987vE,ATCA2,Atriplex canescens (Pursh) Nutt.,species,,,,,,kbarrett@neoninc.org,kbarrett@neoninc.org,
ece7ccee-c2a4-4b88-95f1-ae4c6cba640a,CPER_020.basePlot.vst,2014-09-18,vst_CPER_2014,D10,CPER,CPER_020,32,,33,8.6,293.0,,NEON.PLA.D10.CPER.00136,,,NEON.DOC.000987vE,ATCA2,Atriplex canescens (Pursh) Nutt.,species,,,,,,kbarrett@neoninc.org,kbarrett@neoninc.org,
53b7e2c2-694d-4549-b47e-20df6793f4ac,CPER_020.basePlot.vst,2014-09-18,vst_CPER_2014,D10,CPER,CPER_020,32,,33,7.7,328.0,,NEON.PLA.D10.CPER.00143,,,NEON.DOC.000987vE,ATCA2,Atriplex canescens (Pursh) Nutt.,species,,,,,,kbarrett@neoninc.org,kbarrett@neoninc.org,
a2cc4663-8b61-4437-9e3e-283a6377abd1,CPER_020.basePlot.vst,2014-09-18,vst_CPER_2014,D10,CPER,CPER_020,32,,33,7.9,291.0,,NEON.PLA.D10.CPER.00137,,,NEON.DOC.000987vE,ATCA2,Atriplex canescens (Pursh) Nutt.,species,,,,,,kbarrett@neoninc.org,kbarrett@neoninc.org,
739cb271-f8fc-4828-9c30-2a0ac6aabde5,CPER_020.basePlot.vst,2014-09-18,vst_CPER_2014,D10,CPER,CPER_020,31,,31,4.5,76.0,,NEON.PLA.D10.CPER.00133,,,NEON.DOC.000987vE,ATCA2,Atriplex canescens (Pursh) Nutt.,species,,,,,,kbarrett@neoninc.org,kbarrett@neoninc.org,
289ccf61-909e-4b70-b0ac-a3c48502274b,CPER_020.basePlot.vst,2014-09-18,vst_CPER_2014,D10,CPER,CPER_020,32,,33,9.3,284.0,,NEON.PLA.D10.CPER.00135,,,NEON.DOC.000987vE,ATCA2,Atriplex canescens (Pursh) Nutt.,species,,,,,,kbarrett@neoninc.org,kbarrett@neoninc.org,
83001265-acbe-4a25-a132-d403b3d5f262,CPER_020.basePlot.vst,2014-09-18,vst_CPER_2014,D10,CPER,CPER_020,31,,31,7.9,62.0,,NEON.PLA.D10.CPER.00134,,,NEON.DOC.000987vE,ATCA2,Atriplex canescens (Pursh) Nutt.,species,,,,,,kbarrett@neoninc.org,kbarrett@neoninc.org,
79fa6dc8-c47a-4783-8e8c-d9d6cf28eea0,CPER_020.basePlot.vst,2014-09-18,vst_CPER_2014,D10,CPER,CPER_020,31,,31,4.0,58.0,,NEON.PLA.D10.CPER.00131,,,NEON.DOC.000987vE,ATCA2,Atriplex canescens (Pursh) Nutt.,species,,,,,,kbarrett@neoninc.org,kbarrett@neoninc.org,
fb385dbc-373d-4970-b99c-cb9aceda1b4b,CPER_020.basePlot.vst,2014-09-18,vst_CPER_2014,D10,CPER,CPER_020,31,,31,10.8,50.0,,NEON.PLA.D10.CPER.00129,,,NEON.DOC.000987vE,ATCA2,Atriplex canescens (Pursh) Nutt.,species,,,,,,kbarrett@neoninc.org,kbarrett@neoninc.org,
6e2e1dd3-af81-48c9-a401-291576b74ef2,CPER_020.basePlot.vst,2014-09-18,vst_CPER_2014,D10,CPER,CPER_020,31,,31,8.9,14.0,,NEON.PLA.D10.CPER.00127,,,NEON.DOC.000987vE,ATCA2,Atriplex canescens (Pursh) Nutt.,species,,,,,,kbarrett@neoninc.org,kbarrett@neoninc.org,
feffa4c1-3227-4bf0-bd6e-4f4639989f0f,CPER_020.basePlot.vst,2014-09-18,vst_CPER_2014,D10,CPER,CPER_020,31,,31,8.2,28.0,,NEON.PLA.D10.CPER.00128,,,NEON.DOC.000987vE,ATCA2,Atriplex canescens (Pursh) Nutt.,species,,,,,,kbarrett@neoninc.org,kbarrett@neoninc.org,
aace2a7f-6623-44d7-a121-12125ae0d6cd,CPER_020.basePlot.vst,2014-09-18,vst_CPER_2014,D10,CPER,CPER_020,31,,31,5.7,11.0,,NEON.PLA.D10.CPER.00125,,,NEON.DOC.000987vE,ATCA2,Atriplex canescens (Pursh) Nutt.,species,,,,,,kbarrett@neoninc.org,kbarrett@neoninc.org,
7f0bd2fa-c947-4526-8382-664c8e97d059,CPER_020.basePlot.vst,2014-09-18,vst_CPER_2014,D10,CPER,CPER_020,31,,31,2.7,1.0,,NEON.PLA.D10.CPER.00123,,,NEON.DOC.000987vE,ATCA2,Atriplex canescens (Pursh) Nutt.,species,,,,,,kbarrett@neoninc.org,kbarrett@neoninc.org,
0d2e8702-4be3-460c-908f-f707f66dd491,CPER_020.basePlot.vst,2014-09-18,vst_CPER_2014,D10,CPER,CPER_020,31,,31,5.9,12.0,,NEON.PLA.D10.CPER.00126,,,NEON.DOC.000987vE,ATCA2,Atriplex canescens (Pursh) Nutt.,species,,,,,,kbarrett@neoninc.org,kbarrett@neoninc.org,
8b2fb42d-2b3e-4520-8e41-ba60ccf25c68,CPER_001.basePlot.vst,2014-09-18,vst_CPER_2014,D10,CPER,CPER_001,41,,51,4.3,250.0,,NEON.PLA.D10.CPER.00122,,,NEON.DOC.000987vE,ATCA2,Atriplex canescens (Pursh) Nutt.,species,,,,,,kbarrett@neoninc.org,kbarrett@neoninc.org,
f67dec97-1924-494b-9279-5a015a519d54,CPER_001.basePlot.vst,2014-09-18,vst_CPER_2014,D10,CPER,CPER_001,31,,41,4.6,264.0,,NEON.PLA.D10.CPER.00109,,,NEON.DOC.000987vE,ATCA2,Atriplex canescens (Pursh) Nutt.,species,,,,,barely alive,kbarrett@neoninc.org,kbarrett@neoninc.org,
c9327d4e-759e-4f5b-a743-e0ae15380a38,CPER_001.basePlot.vst,2014-09-18,vst_CPER_2014,D10,CPER,CPER_001,41,,51,8.9,266.0,,NEON.PLA.D10.CPER.00121,,,NEON.DOC.000987vE,ATCA2,Atriplex canescens (Pursh) Nutt.,species,,,,,,kbarrett@neoninc.org,kbarrett@neoninc.org,
f69b87f4-1c29-42ec-9b7e-bf3166f21128,CPER_001.basePlot.vst,2014-09-18,vst_CPER_2014,D10,CPER,CPER_001,32,,41,7.8,150.0,,NEON.PLA.D10.CPER.00115,,,NEON.DOC.000987vE,ATCA2,Atriplex canescens (Pursh) Nutt.,species,,,,,,kbarrett@neoninc.org,kbarrett@neoninc.org,
0aba5435-17e3-4adf-8bbd-eed9a4128277,CPER_001.basePlot.vst,2014-09-18,vst_CPER_2014,D10,CPER,CPER_001,32,,41,4.0,124.0,,NEON.PLA.D10.CPER.00112,,,NEON.DOC.000987vE,ATCA2,Atriplex canescens (Pursh) Nutt.,species,,,,,,kbarrett@neoninc.org,kbarrett@neoninc.org,
fc4465d8-67be-4973-9893-147a036f8a7e,CPER_001.basePlot.vst,2014-09-18,vst_CPER_2014,D10,CPER,CPER_001,32,,33,6.4,302.0,,NEON.PLA.D10.CPER.00116,,,NEON.DOC.000987vE,ATCA2,Atriplex canescens (Pursh) Nutt.,species,,,,,,kbarrett@neoninc.org,kbarrett@neoninc.org,
7e000194-2198-4662-bd4d-acc69b755217,CPER_001.basePlot.vst,2014-09-18,vst_CPER_2014,D10,CPER,CPER_001,32,,41,6.1,170.0,,NEON.PLA.D10.CPER.00114,,,NEON.DOC.000987vE,ATCA2,Atriplex canescens (Pursh) Nutt.,species,,,,,,kbarrett@neoninc.org,kbarrett@neoninc.org,
22b4d149-2af3-4b4a-a66b-a0514dae6d50,CPER_001.basePlot.vst,2014-09-18,vst_CPER_2014,D10,CPER,CPER_001,40,,49,7.7,150.0,,NEON.PLA.D10.CPER.00119,,,NEON.DOC.000987vE,ATCA2,Atriplex canescens (Pursh) Nutt.,species,,,,,,kbarrett@neoninc.org,kbarrett@neoninc.org,
7bc661cd-51af-4b48-ae64-7effc620ee3b,CPER_001.basePlot.vst,2014-09-18,vst_CPER_2014,D10,CPER,CPER_001,32,,41,3.5,130.0,,NEON.PLA.D10.CPER.00111,,,NEON.DOC.000987vE,ATCA2,Atriplex canescens (Pursh) Nutt.,species,,,,,,kbarrett@neoninc.org,kbarrett@neoninc.org,
f95a91c7-ee4d-4440-b1d9-afcda3599e6c,CPER_020.basePlot.vst,2014-09-18,vst_CPER_2014,D10,CPER,CPER_020,32,,33,3.9,330.0,,NEON.PLA.D10.CPER.00140,,,NEON.DOC.000987vE,ATCA2,Atriplex canescens (Pursh) Nutt.,species,,,,,,kbarrett@neoninc.org,kbarrett@neoninc.org,
6e2b2312-70c1-4bd0-967f-fc6d5dee9fc9,CPER_001.basePlot.vst,2014-09-18,vst_CPER_2014,D10,CPER,CPER_001,32,,33,4.4,274.0,,NEON.PLA.D10.CPER.00118,,,NEON.DOC.000987vE,ATCA2,Atriplex canescens (Pursh) Nutt.,species,,,,,,kbarrett@neoninc.org,kbarrett@neoninc.org,
4065cf71-8fd6-430b-9f05-5dd5e9186eb2,CPER_001.basePlot.vst,2014-09-18,vst_CPER_2014,D10,CPER,CPER_001,32,,41,4.2,144.0,,NEON.PLA.D10.CPER.00113,,,NEON.DOC.000987vE,ATCA2,Atriplex canescens (Pursh) Nutt.,species,,,,,,kbarrett@neoninc.org,kbarrett@neoninc.org,
5ce5c1c0-3635-43a5-8b19-b53953c34b1d,CPER_001.basePlot.vst,2014-09-18,vst_CPER_2014,D10,CPER,CPER_001,32,,33,5.6,306.0,,NEON.PLA.D10.CPER.00117,,,NEON.DOC.000987vE,ATCA2,Atriplex canescens (Pursh) Nutt.,species,,,,,,kbarrett@neoninc.org,kbarrett@neoninc.org,
450a781e-e107-4194-98d1-78457456b443,CPER_001.basePlot.vst,2014-09-18,vst_CPER_2014,D10,CPER,CPER_001,32,,41,2.5,132.0,,NEON.PLA.D10.CPER.00110,,,NEON.DOC.000987vE,ATCA2,Atriplex canescens (Pursh) Nutt.,species,,,,,,kbarrett@neoninc.org,kbarrett@neoninc.org,
8adfa45f-4e2d-4628-b7ff-0f330e6c4a0f,CPER_001.basePlot.vst,2014-09-18,vst_CPER_2014,D10,CPER,CPER_001,31,,31,4.8,55.0,,NEON.PLA.D10.CPER.00108,,,NEON.DOC.000987vE,ATCA2,Atriplex canescens (Pursh) Nutt.,species,,,,,,kbarrett@neoninc.org,kbarrett@neoninc.org,
192ca2ca-2066-4ac5-9d17-889c4e34c056,CPER_001.basePlot.vst,2014-09-18,vst_CPER_2014,D10,CPER,CPER_001,31,,31,4.6,84.0,,NEON.PLA.D10.CPER.00107,,,NEON.DOC.000987vE,ATCA2,Atriplex canescens (Pursh) Nutt.,species,,,,,dense bush,kbarrett@neoninc.org,kbarrett@neoninc.org,
ffa290a6-27c9-41b1-bf9a-be425d921f6a,CPER_014.basePlot.vst,2014-10-01,vst_CPER_2014,D10,CPER,CPER_014,31,4,41,4.3,221.0,,NEON.PLA.D10.CPER.00156,,,NEON.DOC.000987vE,ATCA2,Atriplex canescens (Pursh) Nutt.,species,,,,,,kbarrett@neoninc.org,kbarrett@neoninc.org,
5d3e1de7-2b8b-4622-981a-5271f4659d7d,CPER_014.basePlot.vst,2014-10-01,vst_CPER_2014,D10,CPER,CPER_014,41,1,41,4.0,35.5,,NEON.PLA.D10.CPER.00161,,,NEON.DOC.000987vE,ATCA2,Atriplex canescens (Pursh) Nutt.,species,,,,,,kbarrett@neoninc.org,kbarrett@neoninc.org,
9625db08-10f6-4836-907f-9abbd8e2f57a,CPER_014.basePlot.vst,2014-10-01,vst_CPER_2014,D10,CPER,CPER_014,40,1,49,7.0,177.7,,NEON.PLA.D10.CPER.00167,,,NEON.DOC.000987vE,ATCA2,Atriplex canescens (Pursh) Nutt.,species,,,,,,kbarrett@neoninc.org,kbarrett@neoninc.org,
f061ac62-ed9e-4ed5-9bd2-f52b4c5adaef,CPER_014.basePlot.vst,2014-10-01,vst_CPER_2014,D10,CPER,CPER_014,40,3,49,5.5,150.8,,NEON.PLA.D10.CPER.00173,,,NEON.DOC.000987vE,ATCA2,Atriplex canescens (Pursh) Nutt.,species,,,,,,kbarrett@neoninc.org,kbarrett@neoninc.org,
50d82c70-1d01-44c8-8099-d0d3a1a68f1f,CPER_014.basePlot.vst,2014-10-01,vst_CPER_2014,D10,CPER,CPER_014,40,1,41,8.6,280.0,,NEON.PLA.D10.CPER.00166,,,NEON.DOC.000987vE,ATCA2,Atriplex canescens (Pursh) Nutt.,species,,,,,,kbarrett@neoninc.org,kbarrett@neoninc.org,
4ffe05e8-1574-4014-82dc-205e46f2ca50,CPER_014.basePlot.vst,2014-10-01,vst_CPER_2014,D10,CPER,CPER_014,40,1,49,6.9,145.0,,NEON.PLA.D10.CPER.00170,,,NEON.DOC.000987vE,ATCA2,Atriplex canescens (Pursh) Nutt.,species,,,,,,kbarrett@neoninc.org,kbarrett@neoninc.org,
65aaaf1e-920b-4bef-9e48-deb05b2e6c03,CPER_014.basePlot.vst,2014-10-01,vst_CPER_2014,D10,CPER,CPER_014,40,3,49,4.2,137.5,,NEON.PLA.D10.CPER.00176,,,NEON.DOC.000987vE,ATCA2,Atriplex canescens (Pursh) Nutt.,species,,,,,,kbarrett@neoninc.org,kbarrett@neoninc.org,
4a60ee0f-d530-4d29-b73b-c81a2bb378c0,CPER_014.basePlot.vst,2014-10-01,vst_CPER_2014,D10,CPER,CPER_014,40,3,49,4.0,103.5,,NEON.PLA.D10.CPER.00177,,,NEON.DOC.000987vE,ATCA2,Atriplex canescens (Pursh) Nutt.,species,,,,,,kbarrett@neoninc.org,kbarrett@neoninc.org,
dcf45302-95ba-4cd9-b26e-a84146b850b1,CPER_014.basePlot.vst,2014-10-01,vst_CPER_2014,D10,CPER,CPER_014,40,3,49,4.9,165.0,,NEON.PLA.D10.CPER.00175,,,NEON.DOC.000987vE,ATCA2,Atriplex canescens (Pursh) Nutt.,species,,,,,,kbarrett@neoninc.org,kbarrett@neoninc.org,
b64a4148-542a-4b94-a186-fba7889d4cdf,CPER_014.basePlot.vst,2014-10-01,vst_CPER_2014,D10,CPER,CPER_014,40,1,49,5.8,172.8,,NEON.PLA.D10.CPER.00169,,,NEON.DOC.000987vE,ATCA2,Atriplex canescens (Pursh) Nutt.,species,,,,,,kbarrett@neoninc.org,kbarrett@neoninc.org,
14ffee2b-8f39-4341-8898-cae2fa349638,CPER_014.basePlot.vst,2014-10-01,vst_CPER_2014,D10,CPER,CPER_014,40,3,49,6.1,136.6,,NEON.PLA.D10.CPER.00174,,,NEON.DOC.000987vE,ATCA2,Atriplex canescens (Pursh) Nutt.,species,,,,,,kbarrett@neoninc.org,kbarrett@neoninc.org,
1e32a084-5e80-413a-a6e1-09b699c57fa7,CPER_014.basePlot.vst,2014-10-01,vst_CPER_2014,D10,CPER,CPER_014,40,1,49,6.6,165.5,,NEON.PLA.D10.CPER.00168,,,NEON.DOC.000987vE,ATCA2,Atriplex canescens (Pursh) Nutt.,species,,,,,,kbarrett@neoninc.org,kbarrett@neoninc.org,
7d2fe628-68e9-4a62-9a81-a3c1913a79b2,CPER_014.basePlot.vst,2014-10-01,vst_CPER_2014,D10,CPER,CPER_014,40,3,49,5.5,152.0,,NEON.PLA.D10.CPER.00172,,,NEON.DOC.000987vE,ATCA2,Atriplex canescens (Pursh) Nutt.,species,,,,,,kbarrett@neoninc.org,kbarrett@neoninc.org,
896a0978-bf5c-4b92-a8dd-eb2ae8f5fab9,CPER_014.basePlot.vst,2014-10-01,vst_CPER_2014,D10,CPER,CPER_014,40,3,49,5.0,158.5,,NEON.PLA.D10.CPER.00171,,,NEON.DOC.000987vE,ATCA2,Atriplex canescens (Pursh) Nutt.,species,,,,,,kbarrett@neoninc.org,kbarrett@neoninc.org,
a330d7c2-85d0-4bc4-a5f1-17394fe942f2,CPER_014.basePlot.vst,2014-10-01,vst_CPER_2014,D10,CPER,CPER_014,31,1,31,3.2,41.5,,NEON.PLA.D10.CPER.00149,,,NEON.DOC.000987vE,ATCA2,Atriplex canescens (Pursh) Nutt.,species,,,,,,kbarrett@neoninc.org,kbarrett@neoninc.org,
7aae796d-b223-4e54-aabf-8f5949df0f3d,CPER_014.basePlot.vst,2014-10-01,vst_CPER_2014,D10,CPER,CPER_014,31,4,41,5.4,228.0,,NEON.PLA.D10.CPER.00152,,,NEON.DOC.000987vE,ATCA2,Atriplex canescens (Pursh) Nutt.,species,,,,,,kbarrett@neoninc.org,kbarrett@neoninc.org,
65973a13-94b4-491a-8a21-85d67a8a21c0,CPER_014.basePlot.vst,2014-10-01,vst_CPER_2014,D10,CPER,CPER_014,31,1,31,4.8,18.5,,NEON.PLA.D10.CPER.00146,,,NEON.DOC.000987vE,ATCA2,Atriplex canescens (Pursh) Nutt.,species,,,,,,kbarrett@neoninc.org,kbarrett@neoninc.org,
fac8cfb6-7da5-40f6-a0a9-cb2b42ec3e41,CPER_014.basePlot.vst,2014-10-01,vst_CPER_2014,D10,CPER,CPER_014,31,4,41,4.3,219.7,,NEON.PLA.D10.CPER.00158,,,NEON.DOC.000987vE,ATCA2,Atriplex canescens (Pursh) Nutt.,species,,,,,,kbarrett@neoninc.org,kbarrett@neoninc.org,
214280a8-e28d-4196-99fd-54d5156b843d,CPER_014.basePlot.vst,2014-10-01,vst_CPER_2014,D10,CPER,CPER_014,40,1,41,8.2,271.6,,NEON.PLA.D10.CPER.00163,,,NEON.DOC.000987vE,ATCA2,Atriplex canescens (Pursh) Nutt.,species,,,,,,kbarrett@neoninc.org,kbarrett@neoninc.org,
0897391e-8e33-4773-b2d7-0f81ae1e075d,CPER_014.basePlot.vst,2014-10-01,vst_CPER_2014,D10,CPER,CPER_014,31,1,31,6.0,25.0,,NEON.PLA.D10.CPER.00147,,,NEON.DOC.000987vE,ATCA2,Atriplex canescens (Pursh) Nutt.,species,,,,,,kbarrett@neoninc.org,kbarrett@neoninc.org,
e885bc9e-9363-4d77-a4a7-260d3e609e43,CPER_014.basePlot.vst,2014-10-01,vst_CPER_2014,D10,CPER,CPER_014,31,4,41,5.0,249.0,,NEON.PLA.D10.CPER.00153,,,NEON.DOC.000987vE,ATCA2,Atriplex canescens (Pursh) Nutt.,species,,,,,,kbarrett@neoninc.org,kbarrett@neoninc.org,
16c876f0-37df-4010-b51f-f8499f289bd0,CPER_014.basePlot.vst,2014-10-01,vst_CPER_2014,D10,CPER,CPER_014,31,1,31,4.2,82.5,,NEON.PLA.D10.CPER.00150,,,NEON.DOC.000987vE,ATCA2,Atriplex canescens (Pursh) Nutt.,species,,,,,,kbarrett@neoninc.org,kbarrett@neoninc.org,
91b31839-fcdd-46fd-b672-6b2a99217d57,CPER_014.basePlot.vst,2014-10-01,vst_CPER_2014,D10,CPER,CPER_014,31,4,41,4.4,214.6,,NEON.PLA.D10.CPER.00157,,,NEON.DOC.000987vE,ATCA2,Atriplex canescens (Pursh) Nutt.,species,,,,,,kbarrett@neoninc.org,kbarrett@neoninc.org,
dcd5ee6c-67cf-42a5-a172-5d87c807cd56,CPER_014.basePlot.vst,2014-10-01,vst_CPER_2014,D10,CPER,CPER_014,31,4,41,6.4,220.5,,NEON.PLA.D10.CPER.00151,,,NEON.DOC.000987vE,ATCA2,Atriplex canescens (Pursh) Nutt.,species,,,,,,kbarrett@neoninc.org,kbarrett@neoninc.org,
9a33f220-60ed-444b-ab4a-f9f863e7aa10,CPER_014.basePlot.vst,2014-10-01,vst_CPER_2014,D10,CPER,CPER_014,31,1,31,5.1,52.5,,NEON.PLA.D10.CPER.00148,,,NEON.DOC.000987vE,ATCA2,Atriplex canescens (Pursh) Nutt.,species,,,,,,kbarrett@neoninc.org,kbarrett@neoninc.org,
a13d2255-2460-4e5b-a6bd-5d6f8dd3986b,CPER_014.basePlot.vst,2014-10-01,vst_CPER_2014,D10,CPER,CPER_014,31,4,41,4.2,217.0,,NEON.PLA.D10.CPER.00155,,,NEON.DOC.000987vE,ATCA2,Atriplex canescens (Pursh) Nutt.,species,,,,,,kbarrett@neoninc.org,kbarrett@neoninc.org,
f0da8116-efe6-46ef-a5eb-f9e176280604,CPER_014.basePlot.vst,2014-10-01,vst_CPER_2014,D10,CPER,CPER_014,40,1,41,8.6,272.6,,NEON.PLA.D10.CPER.00164,,,NEON.DOC.000987vE,ATCA2,Atriplex canescens (Pursh) Nutt.,species,,,,,,kbarrett@neoninc.org,kbarrett@neoninc.org,
65be24df-f60a-4ae1-9d17-67ad47ec4d33,CPER_014.basePlot.vst,2014-10-01,vst_CPER_2014,D10,CPER,CPER_014,31,1,31,4.4,7.0,,NEON.PLA.D10.CPER.00145,,,NEON.DOC.000987vE,ATCA2,Atriplex canescens (Pursh) Nutt.,species,,,,,,kbarrett@neoninc.org,kbarrett@neoninc.org,
528ecd47-2aeb-4d48-a3b3-e68610626d8e,CPER_014.basePlot.vst,2014-10-01,vst_CPER_2014,D10,CPER,CPER_014,40,1,41,9.0,279.8,,NEON.PLA.D10.CPER.00165,,,NEON.DOC.000987vE,ATCA2,Atriplex canescens (Pursh) Nutt.,species,,,,,,kbarrett@neoninc.org,kbarrett@neoninc.org,
4d59b2e1-edce-4cba-991c-0d9ba69337c0,CPER_014.basePlot.vst,2014-10-01,vst_CPER_2014,D10,CPER,CPER_014,32,2,33,4.7,301.8,,NEON.PLA.D10.CPER.00159,,,NEON.DOC.000987vE,ATCA2,Atriplex canescens (Pursh) Nutt.,species,,,,,,kbarrett@neoninc.org,kbarrett@neoninc.org,
f7f4ba78-8eb3-4ded-b15a-800a70823d3e,CPER_014.basePlot.vst,2014-10-01,vst_CPER_2014,D10,CPER,CPER_014,41,4,51,4.0,266.1,,NEON.PLA.D10.CPER.00162,,,NEON.DOC.000987vE,ATCA2,Atriplex canescens (Pursh) Nutt.,species,,,,,,kbarrett@neoninc.org,kbarrett@neoninc.org,
1c52564c-770c-4092-bc74-b836098effd8,CPER_014.basePlot.vst,2014-10-01,vst_CPER_2014,D10,CPER,CPER_014,32,4,33,8.7,359.6,,NEON.PLA.D10.CPER.00160,,,NEON.DOC.000987vE,ATCA2,Atriplex canescens (Pursh) Nutt.,species,,,,,,kbarrett@neoninc.org,kbarrett@neoninc.org,
e3290e61-1fad-420b-a012-3adb8d418a6e,CPER_014.basePlot.vst,2014-10-01,vst_CPER_2014,D10,CPER,CPER_014,31,4,41,3.8,266.0,,NEON.PLA.D10.CPER.00154,,,NEON.DOC.000987vE,ATCA2,Atriplex canescens (Pursh) Nutt.,species,,,,,,kbarrett@neoninc.org,kbarrett@neoninc.org,
143d1020-954b-443b-95f5-b2a88b21aa34,CPER_005.basePlot.vst,2014-10-06,vst_CPER_2014,D10,CPER,CPER_005,32,,41,5.4,118.0,,NEON.PLA.D10.CPER.00210,,,NEON.DOC.000987vE,ATCA2,Atriplex canescens (Pursh) Nutt.,species,,,,,,kbarrett@neoninc.org,kbarrett@neoninc.org,
e85f2c86-7404-47fd-b66a-c875a433fa24,CPER_005.basePlot.vst,2014-10-06,vst_CPER_2014,D10,CPER,CPER_005,32,,41,2.0,109.5,,NEON.PLA.D10.CPER.00217,,,NEON.DOC.000987vE,ATCA2,Atriplex canescens (Pursh) Nutt.,species,,,,,,kbarrett@neoninc.org,kbarrett@neoninc.org,
486d97e0-3a25-4844-8ff8-e08ccf16459e,CPER_005.basePlot.vst,2014-10-06,vst_CPER_2014,D10,CPER,CPER_005,32,,41,4.1,165.0,,NEON.PLA.D10.CPER.00215,,,NEON.DOC.000987vE,ATCA2,Atriplex canescens (Pursh) Nutt.,species,,,,,,kbarrett@neoninc.org,kbarrett@neoninc.org,
45351d3b-2e37-4739-bc5f-95316a35eb16,CPER_005.basePlot.vst,2014-10-06,vst_CPER_2014,D10,CPER,CPER_005,32,,33,0.6,340.0,,NEON.PLA.D10.CPER.00204,,,NEON.DOC.000987vE,ATCA2,Atriplex canescens (Pursh) Nutt.,species,,,,,,kbarrett@neoninc.org,kbarrett@neoninc.org,
ddaa346b-61ba-43e2-9aa5-b3f89bd65c96,CPER_005.basePlot.vst,2014-10-06,vst_CPER_2014,D10,CPER,CPER_005,32,,41,4.8,122.0,,NEON.PLA.D10.CPER.00211,,,NEON.DOC.000987vE,ATCA2,Atriplex canescens (Pursh) Nutt.,species,,,,,,kbarrett@neoninc.org,kbarrett@neoninc.org,
b8f24558-38cd-4e3c-8db8-9895577669a8,CPER_005.basePlot.vst,2014-10-06,vst_CPER_2014,D10,CPER,CPER_005,32,,33,5.0,358.6,,NEON.PLA.D10.CPER.00207,,,NEON.DOC.000987vE,ATCA2,Atriplex canescens (Pursh) Nutt.,species,,,,,,kbarrett@neoninc.org,kbarrett@neoninc.org,
23a41cd2-0a2e-4157-816b-dafb92d1a7aa,CPER_005.basePlot.vst,2014-10-06,vst_CPER_2014,D10,CPER,CPER_005,32,,41,5.4,163.6,,NEON.PLA.D10.CPER.00214,,,NEON.DOC.000987vE,ATCA2,Atriplex canescens (Pursh) Nutt.,species,,,,,,kbarrett@neoninc.org,kbarrett@neoninc.org,
6a94e383-dbbd-4084-8ff4-9e3976b8c304,CPER_005.basePlot.vst,2014-10-06,vst_CPER_2014,D10,CPER,CPER_005,32,,41,4.1,96.8,,NEON.PLA.D10.CPER.00218,,,NEON.DOC.000987vE,ATCA2,Atriplex canescens (Pursh) Nutt.,species,,,,,,kbarrett@neoninc.org,kbarrett@neoninc.org,
e8184004-4d91-4c7a-b9b5-5f21a4298e2c,CPER_005.basePlot.vst,2014-10-06,vst_CPER_2014,D10,CPER,CPER_005,40,,49,2.3,95.6,,NEON.PLA.D10.CPER.00231,,,NEON.DOC.000987vE,ATCA2,Atriplex canescens (Pursh) Nutt.,species,,,,,,kbarrett@neoninc.org,kbarrett@neoninc.org,
a4422568-9af8-48fe-9c80-04bc5694fcc6,CPER_005.basePlot.vst,2014-10-06,vst_CPER_2014,D10,CPER,CPER_005,32,,33,5.9,322.0,,NEON.PLA.D10.CPER.00209,,,NEON.DOC.000987vE,ATCA2,Atriplex canescens (Pursh) Nutt.,species,,,,,,kbarrett@neoninc.org,kbarrett@neoninc.org,
cf791c5a-2392-49d6-a1e8-c2769a0b207b,CPER_015.basePlot.vst,2014-10-06,vst_CPER_2014,D10,CPER,CPER_015,31,,31,7.5,7.0,,NEON.PLA.D10.CPER.00196,,,NEON.DOC.000987vE,ATCA2,Atriplex canescens (Pursh) Nutt.,species,,,,,,kbarrett@neoninc.org,kbarrett@neoninc.org,
58b50007-ed77-4615-81b3-acac657ab20c,CPER_005.basePlot.vst,2014-10-06,vst_CPER_2014,D10,CPER,CPER_005,,,,,,,NEON.PLA.D10.CPER.00198,,,NEON.DOC.000987vE,ATCA2,Atriplex canescens (Pursh) Nutt.,species,,,,,,kbarrett@neoninc.org,kbarrett@neoninc.org,
796e0339-2b2a-491f-a1f1-4b4f392eb258,CPER_005.basePlot.vst,2014-10-06,vst_CPER_2014,D10,CPER,CPER_005,32,,33,1.9,356.5,,NEON.PLA.D10.CPER.00206,,,NEON.DOC.000987vE,ATCA2,Atriplex canescens (Pursh) Nutt.,species,,,,,,kbarrett@neoninc.org,kbarrett@neoninc.org,
9b1e0266-1f1c-473c-8852-362f6112ebc8,CPER_005.basePlot.vst,2014-10-06,vst_CPER_2014,D10,CPER,CPER_005,32,,41,6.5,153.0,,NEON.PLA.D10.CPER.00212,,,NEON.DOC.000987vE,ATCA2,Atriplex canescens (Pursh) Nutt.,species,,,,,,kbarrett@neoninc.org,kbarrett@neoninc.org,
127827c9-82be-44da-914f-0478141d5b0a,CPER_005.basePlot.vst,2014-10-06,vst_CPER_2014,D10,CPER,CPER_005,40,,49,5.0,108.5,,NEON.PLA.D10.CPER.00232,,,NEON.DOC.000987vE,ATCA2,Atriplex canescens (Pursh) Nutt.,species,,,,,,kbarrett@neoninc.org,kbarrett@neoninc.org,
136e0217-56da-4470-8cda-d972c3dbe5d9,CPER_005.basePlot.vst,2014-10-06,vst_CPER_2014,D10,CPER,CPER_005,31,,31,4.2,90.0,,NEON.PLA.D10.CPER.00202,,,NEON.DOC.000987vE,ATCA2,Atriplex canescens (Pursh) Nutt.,species,,,,,,kbarrett@neoninc.org,kbarrett@neoninc.org,
2cd2e45d-67ad-4150-84cc-d4e144d66678,CPER_005.basePlot.vst,2014-10-06,vst_CPER_2014,D10,CPER,CPER_005,41,,41,6.3,20.3,,NEON.PLA.D10.CPER.00237,,,NEON.DOC.000987vE,ATCA2,Atriplex canescens (Pursh) Nutt.,species,,,,,,kbarrett@neoninc.org,kbarrett@neoninc.org,
ac48a7d1-1802-4b0c-881c-b787490a89dd,CPER_005.basePlot.vst,2014-10-06,vst_CPER_2014,D10,CPER,CPER_005,31,,31,1.7,54.2,,NEON.PLA.D10.CPER.00203,,,NEON.DOC.000987vE,ATCA2,Atriplex canescens (Pursh) Nutt.,species,,,,,,kbarrett@neoninc.org,kbarrett@neoninc.org,
abab7cb9-29a1-4d33-a96c-d3c4ffdca5f1,CPER_005.basePlot.vst,2014-10-06,vst_CPER_2014,D10,CPER,CPER_005,32,,41,2.2,128.7,,NEON.PLA.D10.CPER.00216,,,NEON.DOC.000987vE,ATCA2,Atriplex canescens (Pursh) Nutt.,species,,,,,,kbarrett@neoninc.org,kbarrett@neoninc.org,
42a6537d-a905-4bda-9315-33b2818099cd,CPER_005.basePlot.vst,2014-10-06,vst_CPER_2014,D10,CPER,CPER_005,32,,41,5.1,165.2,,NEON.PLA.D10.CPER.00213,,,NEON.DOC.000987vE,ATCA2,Atriplex canescens (Pursh) Nutt.,species,,,,,,kbarrett@neoninc.org,kbarrett@neoninc.org,
9398447d-642b-4286-ad53-a0dfb31bf5fe,CPER_005.basePlot.vst,2014-10-06,vst_CPER_2014,D10,CPER,CPER_005,41,,51,5.9,195.5,,NEON.PLA.D10.CPER.00244,,,NEON.DOC.000987vE,ATCA2,Atriplex canescens (Pursh) Nutt.,species,,,,,,kbarrett@neoninc.org,kbarrett@neoninc.org,
3730ba51-5e6c-4310-93f0-407815155c26,CPER_005.basePlot.vst,2014-10-06,vst_CPER_2014,D10,CPER,CPER_005,40,,49,2.8,127.0,,NEON.PLA.D10.CPER.00230,,,NEON.DOC.000987vE,ATCA2,Atriplex canescens (Pursh) Nutt.,species,,,,,,kbarrett@neoninc.org,kbarrett@neoninc.org,
7c02a7e4-9de7-4529-b844-1f7c60a76b81,CPER_005.basePlot.vst,2014-10-06,vst_CPER_2014,D10,CPER,CPER_005,31,,31,4.2,4.6,,NEON.PLA.D10.CPER.00197,,,NEON.DOC.000987vE,ATCA2,Atriplex canescens (Pursh) Nutt.,species,,,,,,kbarrett@neoninc.org,kbarrett@neoninc.org,
562a61f8-0ccb-4042-8f45-c5509bf782f3,CPER_005.basePlot.vst,2014-10-06,vst_CPER_2014,D10,CPER,CPER_005,31,,31,6.9,57.3,,NEON.PLA.D10.CPER.00200,,,NEON.DOC.000987vE,ATCA2,Atriplex canescens (Pursh) Nutt.,species,,,,,,kbarrett@neoninc.org,kbarrett@neoninc.org,
94986409-af59-4c4f-b895-3ca8e18c1012,CPER_005.basePlot.vst,2014-10-06,vst_CPER_2014,D10,CPER,CPER_005,40,,49,6.6,160.0,,NEON.PLA.D10.CPER.00229,,,NEON.DOC.000987vE,ATCA2,Atriplex canescens (Pursh) Nutt.,species,,,,,,kbarrett@neoninc.org,kbarrett@neoninc.org,
d9d095f2-90bd-47d7-b8e1-860d36944f8a,CPER_005.basePlot.vst,2014-10-06,vst_CPER_2014,D10,CPER,CPER_005,41,,41,3.9,29.0,,NEON.PLA.D10.CPER.00241,,,NEON.DOC.000987vE,ATCA2,Atriplex canescens (Pursh) Nutt.,species,,,,,,kbarrett@neoninc.org,kbarrett@neoninc.org,
be916684-8555-420a-b1ae-9215e9cf93d2,CPER_005.basePlot.vst,2014-10-06,vst_CPER_2014,D10,CPER,CPER_005,40,,41,5.1,355.0,,NEON.PLA.D10.CPER.00233,,,NEON.DOC.000987vE,ATCA2,Atriplex canescens (Pursh) Nutt.,species,,,,,,kbarrett@neoninc.org,kbarrett@neoninc.org,
4756430e-e88c-484f-8098-65d2229e3f1c,CPER_005.basePlot.vst,2014-10-06,vst_CPER_2014,D10,CPER,CPER_005,41,,41,7.0,24.0,,NEON.PLA.D10.CPER.00238,,,NEON.DOC.000987vE,ATCA2,Atriplex canescens (Pursh) Nutt.,species,,,,,,kbarrett@neoninc.org,kbarrett@neoninc.org,
5ee3720d-ce7a-4be1-9029-76db44d6610c,CPER_005.basePlot.vst,2014-10-06,vst_CPER_2014,D10,CPER,CPER_005,32,,33,1.4,336.0,,NEON.PLA.D10.CPER.00205,,,NEON.DOC.000987vE,ATCA2,Atriplex canescens (Pursh) Nutt.,species,,,,,,kbarrett@neoninc.org,kbarrett@neoninc.org,
626d3856-c3e6-4f2f-980a-6d6baf1f4799,CPER_005.basePlot.vst,2014-10-06,vst_CPER_2014,D10,CPER,CPER_005,41,,41,5.4,12.3,,NEON.PLA.D10.CPER.00235,,,NEON.DOC.000987vE,ATCA2,Atriplex canescens (Pursh) Nutt.,species,,,,,,kbarrett@neoninc.org,kbarrett@neoninc.org,
42bdf312-fc85-4dfe-86ba-288c48463c42,CPER_005.basePlot.vst,2014-10-06,vst_CPER_2014,D10,CPER,CPER_005,41,,51,5.5,211.0,,NEON.PLA.D10.CPER.00243,,,NEON.DOC.000987vE,ATCA2,Atriplex canescens (Pursh) Nutt.,species,,,,,,kbarrett@neoninc.org,kbarrett@neoninc.org,
311ffd95-d1c1-4354-97f1-c39f32824914,CPER_005.basePlot.vst,2014-10-06,vst_CPER_2014,D10,CPER,CPER_005,31,,31,7.0,45.5,,NEON.PLA.D10.CPER.00199,,,NEON.DOC.000987vE,ATCA2,Atriplex canescens (Pursh) Nutt.,species,,,,,,kbarrett@neoninc.org,kbarrett@neoninc.org,
2635557a-654e-49d6-b6bb-4b7ab425d7f3,CPER_005.basePlot.vst,2014-10-06,vst_CPER_2014,D10,CPER,CPER_005,41,,41,4.0,36.0,,NEON.PLA.D10.CPER.00239,,,NEON.DOC.000987vE,ATCA2,Atriplex canescens (Pursh) Nutt.,species,,,,,,kbarrett@neoninc.org,kbarrett@neoninc.org,
847bebac-f05d-44b1-a16e-a6cb04a855f4,CPER_005.basePlot.vst,2014-10-06,vst_CPER_2014,D10,CPER,CPER_005,32,,41,7.4,98.4,,NEON.PLA.D10.CPER.00208,,,NEON.DOC.000987vE,ATCA2,Atriplex canescens (Pursh) Nutt.,species,,,,,,kbarrett@neoninc.org,kbarrett@neoninc.org,
358fdfe6-b303-478a-a21a-48308a4f5c14,CPER_005.basePlot.vst,2014-10-06,vst_CPER_2014,D10,CPER,CPER_005,41,,41,5.4,7.0,,NEON.PLA.D10.CPER.00236,,,NEON.DOC.000987vE,ATCA2,Atriplex canescens (Pursh) Nutt.,species,,,,,,kbarrett@neoninc.org,kbarrett@neoninc.org,
6f5af70e-ab98-40c4-bf70-dd944ad20750,CPER_005.basePlot.vst,2014-10-06,vst_CPER_2014,D10,CPER,CPER_005,31,,31,8.5,84.7,,NEON.PLA.D10.CPER.00201,,,NEON.DOC.000987vE,ATCA2,Atriplex canescens (Pursh) Nutt.,species,,,,,,kbarrett@neoninc.org,kbarrett@neoninc.org,
954145c4-3175-455f-83a5-c5d03844fdb9,CPER_005.basePlot.vst,2014-10-06,vst_CPER_2014,D10,CPER,CPER_005,41,,41,4.2,30.0,,NEON.PLA.D10.CPER.00240,,,NEON.DOC.000987vE,ATCA2,Atriplex canescens (Pursh) Nutt.,species,,,,,,kbarrett@neoninc.org,kbarrett@neoninc.org,
3a2b117d-60d6-43e0-80eb-a292e4b0ba40,CPER_005.basePlot.vst,2014-10-06,vst_CPER_2014,D10,CPER,CPER_005,41,,51,1.8,250.0,,NEON.PLA.D10.CPER.00242,,,NEON.DOC.000987vE,ATCA2,Atriplex canescens (Pursh) Nutt.,species,,,,,,kbarrett@neoninc.org,kbarrett@neoninc.org,
c09072e5-9957-411b-b75f-1bd4120c9eb0,CPER_005.basePlot.vst,2014-10-06,vst_CPER_2014,D10,CPER,CPER_005,41,,41,5.7,0.6,,NEON.PLA.D10.CPER.00234,,,NEON.DOC.000987vE,ATCA2,Atriplex canescens (Pursh) Nutt.,species,,,,,,kbarrett@neoninc.org,kbarrett@neoninc.org,
a6b5bfa6-ce09-49d6-bb1a-9b526022292b,CPER_003.basePlot.vst,2014-10-07,vst_CPER_2014,D10,CPER,CPER_003,40,,41,8.0,281.7,,NEON.PLA.D10.CPER.00228,,,NEON.DOC.000987vE,ATCA2,Atriplex canescens (Pursh) Nutt.,species,,,,,,kbarrett@neoninc.org,kbarrett@neoninc.org,
c7fd0775-98b6-4877-b913-22c343a05f9b,CPER_003.basePlot.vst,2014-10-07,vst_CPER_2014,D10,CPER,CPER_003,41,,41,4.4,84.0,,NEON.PLA.D10.CPER.00223,,,NEON.DOC.000987vE,ATCA2,Atriplex canescens (Pursh) Nutt.,species,,,,,,kbarrett@neoninc.org,kbarrett@neoninc.org,
c06a6fdb-0bc0-413d-be09-f9621d657559,CPER_003.basePlot.vst,2014-10-07,vst_CPER_2014,D10,CPER,CPER_003,31,,41,6.7,184.0,,NEON.PLA.D10.CPER.00221,,,NEON.DOC.000987vE,ATCA2,Atriplex canescens (Pursh) Nutt.,species,,,,,,kbarrett@neoninc.org,kbarrett@neoninc.org,
c6a36048-8c1e-4d2f-ae22-2d83a9a8f931,CPER_003.basePlot.vst,2014-10-07,vst_CPER_2014,D10,CPER,CPER_003,32,,33,4.8,303.5,,NEON.PLA.D10.CPER.00222,,,NEON.DOC.000987vE,ATCA2,Atriplex canescens (Pursh) Nutt.,species,,,,,,kbarrett@neoninc.org,kbarrett@neoninc.org,
fe323342-4022-43d5-be90-076492f78bfa,CPER_003.basePlot.vst,2014-10-07,vst_CPER_2014,D10,CPER,CPER_003,31,,31,4.7,86.6,,NEON.PLA.D10.CPER.00220,,,NEON.DOC.000987vE,ATCA2,Atriplex canescens (Pursh) Nutt.,species,,,,,,kbarrett@neoninc.org,kbarrett@neoninc.org,
fa8fbb11-3d1c-4862-bf25-e0e1b9ca12d2,CPER_003.basePlot.vst,2014-10-07,vst_CPER_2014,D10,CPER,CPER_003,41,,41,5.0,46.0,,NEON.PLA.D10.CPER.00226,,,NEON.DOC.000987vE,ATCA2,Atriplex canescens (Pursh) Nutt.,species,,,,,,kbarrett@neoninc.org,kbarrett@neoninc.org,
e74c4011-564c-4d56-8776-fbb081244ee0,CPER_003.basePlot.vst,2014-10-07,vst_CPER_2014,D10,CPER,CPER_003,41,,41,7.5,71.7,,NEON.PLA.D10.CPER.00224,,,NEON.DOC.000987vE,ATCA2,Atriplex canescens (Pursh) Nutt.,species,,,,,,kbarrett@neoninc.org,kbarrett@neoninc.org,
61caad48-9379-4f21-9509-9d2144159649,CPER_003.basePlot.vst,2014-10-07,vst_CPER_2014,D10,CPER,CPER_003,41,,41,6.6,16.0,,NEON.PLA.D10.CPER.00227,,,NEON.DOC.000987vE,ATCA2,Atriplex canescens (Pursh) Nutt.,species,,,,,,kbarrett@neoninc.org,kbarrett@neoninc.org,
8571059c-2511-4c8a-9507-cf2d3abe9d9e,CPER_003.basePlot.vst,2014-10-07,vst_CPER_2014,D10,CPER,CPER_003,31,,31,2.0,52.5,,NEON.PLA.D10.CPER.00219,,,NEON.DOC.000987vE,ATCA2,Atriplex canescens (Pursh) Nutt.,species,,,,,,kbarrett@neoninc.org,kbarrett@neoninc.org,
c848760f-12b4-49e7-87da-bfb89ffce84c,CPER_003.basePlot.vst,2014-10-07,vst_CPER_2014,D10,CPER,CPER_003,41,,41,8.4,62.3,,NEON.PLA.D10.CPER.00225,,,NEON.DOC.000987vE,ATCA2,Atriplex canescens (Pursh) Nutt.,species,,,,,,kbarrett@neoninc.org,kbarrett@neoninc.org,
8b4567c3-39a6-45b6-89f8-63542f009d22,CPER_011.basePlot.vst,2014-10-09,vst_CPER_2014,D10,CPER,CPER_011,41,,41,5.3,13.5,,NEON.PLA.D10.CPER.00254,,,NEON.DOC.000987vE,ERNAN5,Ericameria nauseosa (Pall. ex Pursh) G.L. Nesom & Baird ssp. nauseosa var. nauseosa,variety,,,,,,kbarrett@neoninc.org,kbarrett@neoninc.org,
3633461e-ab36-4925-b36c-2a4ef16b96ff,CPER_011.basePlot.vst,2014-10-09,vst_CPER_2014,D10,CPER,CPER_011,41,,41,9.3,55.5,,NEON.PLA.D10.CPER.00253,,,NEON.DOC.000987vE,ATCA2,Atriplex canescens (Pursh) Nutt.,species,,,,,,kbarrett@neoninc.org,kbarrett@neoninc.org,
6aa2389d-18a1-4865-b6d4-516e11917162,CPER_011.basePlot.vst,2014-10-09,vst_CPER_2014,D10,CPER,CPER_011,31,,41,6.4,186.0,,NEON.PLA.D10.CPER.00248,,,NEON.DOC.000987vE,ATCA2,Atriplex canescens (Pursh) Nutt.,species,,,,,,kbarrett@neoninc.org,kbarrett@neoninc.org,
6a743b7c-bf1c-476f-ad2f-dd8ff5ca91c7,CPER_011.basePlot.vst,2014-10-09,vst_CPER_2014,D10,CPER,CPER_011,31,,41,5.8,210.0,,NEON.PLA.D10.CPER.00245,,,NEON.DOC.000987vE,ATCA2,Atriplex canescens (Pursh) Nutt.,species,,,,,,kbarrett@neoninc.org,kbarrett@neoninc.org,
42a01542-6786-492b-8f14-95b42661c125,CPER_011.basePlot.vst,2014-10-09,vst_CPER_2014,D10,CPER,CPER_011,32,,41,7.0,174.0,,NEON.PLA.D10.CPER.00251,,,NEON.DOC.000987vE,ATCA2,Atriplex canescens (Pursh) Nutt.,species,,,,,,kbarrett@neoninc.org,kbarrett@neoninc.org,
6e53eb4a-e17e-47c9-b5a7-7325fb644a1e,CPER_011.basePlot.vst,2014-10-09,vst_CPER_2014,D10,CPER,CPER_011,41,,41,4.8,76.5,,NEON.PLA.D10.CPER.00252,,,NEON.DOC.000987vE,ATCA2,Atriplex canescens (Pursh) Nutt.,species,,,,,,kbarrett@neoninc.org,kbarrett@neoninc.org,
93440174-1b26-4773-8c99-def76a25ec2f,CPER_011.basePlot.vst,2014-10-09,vst_CPER_2014,D10,CPER,CPER_011,31,,41,5.9,205.0,,NEON.PLA.D10.CPER.00246,,,NEON.DOC.000987vE,ATCA2,Atriplex canescens (Pursh) Nutt.,species,,,,,,kbarrett@neoninc.org,kbarrett@neoninc.org,
7cb8fede-86eb-484b-be3a-db4dc6e98037,CPER_011.basePlot.vst,2014-10-09,vst_CPER_2014,D10,CPER,CPER_011,31,,41,9.1,182.0,,NEON.PLA.D10.CPER.00250,,,NEON.DOC.000987vE,ATCA2,Atriplex canescens (Pursh) Nutt.,species,,,,,,kbarrett@neoninc.org,kbarrett@neoninc.org,
fb93e3f5-ffd8-41df-9f02-64a8cd67fe68,CPER_011.basePlot.vst,2014-10-09,vst_CPER_2014,D10,CPER,CPER_011,31,,41,8.0,191.5,,NEON.PLA.D10.CPER.00249,,,NEON.DOC.000987vE,ATCA2,Atriplex canescens (Pursh) Nutt.,species,,,,,,kbarrett@neoninc.org,kbarrett@neoninc.org,
5f4951bc-9cad-4848-8e44-844c099a3b5d,CPER_011.basePlot.vst,2014-10-09,vst_CPER_2014,D10,CPER,CPER_011,31,,41,6.5,192.0,,NEON.PLA.D10.CPER.00247,,,NEON.DOC.000987vE,ATCA2,Atriplex canescens (Pursh) Nutt.,species,,,,,,kbarrett@neoninc.org,kbarrett@neoninc.org,
2d3d298c-9ce1-47ed-b832-0477845e5837,CPER_061.basePlot.vst,2015-09-28,vst_CPER_2015,D10,CPER,CPER_061,,,,,,,NEON.PLA.D10.CPER.00144,,,NEON.DOC.000987vE,ATCA2,Atriplex canescens (Pursh) Nutt.,species,,,,,,kbarrett@neoninc.org,jrappaport@field-ops.org,
57c40e54-f78c-419c-9a3d-d19d030bcb82,CPER_013.basePlot.vst,2017-09-20,vst_CPER_2017,D10,CPER,CPER_013,31,,31,3.4,9.2,,NEON.PLA.D10.CPER.01797,,,NEON.DOC.000987vG,ATCA2,Atriplex canescens (Pursh) Nutt.,species,,,,,,nleder@battelleecology.org,jmorris@battelleecology.org,
c0bdafc3-d61a-4b00-a787-bd6530455ff2,CPER_013.basePlot.vst,2017-09-20,vst_CPER_2017,D10,CPER,CPER_013,31,,31,3.9,48.0,,NEON.PLA.D10.CPER.01798,,,NEON.DOC.000987vG,ATCA2,Atriplex canescens (Pursh) Nutt.,species,,,,,,nleder@battelleecology.org,jmorris@battelleecology.org,
a81f8d44-b9a9-4c27-9aee-1dfeccd068a3,CPER_020.basePlot.vst,2017-09-20,vst_CPER_2017,D10,CPER,CPER_020,32,3,33,8.0,303.2,,NEON.PLA.D10.CPER.02160,,,NEON.DOC.000987vE,ATCA2,Atriplex canescens (Pursh) Nutt.,species,,,,,,Jlinden@battelleecology.org,szrillo@battelleecology.org,
05d7e298-6ffe-4ab7-a706-998dd5e02c25,CPER_014.basePlot.vst,2017-09-21,vst_CPER_2017,D10,CPER,CPER_014,31,,31,7.3,35.1,,NEON.PLA.D10.CPER.02303,,,NEON.DOC.000987vE,ATCA2,Atriplex canescens (Pursh) Nutt.,species,,,,,,kbenson@battelleecology.org,jmorris@battelleecology.org,
4b46f574-9538-48d6-a418-cff75bff9c6f,CPER_013.basePlot.vst,2017-09-21,vst_CPER_2017,D10,CPER,CPER_013,41,4,51,4.2,223.2,,NEON.PLA.D10.CPER.01799,,,NEON.DOC.000987vE,ATCA2,Atriplex canescens (Pursh) Nutt.,species,,,,,,nleder@battelleecology.org,jmorris@battelleecology.org,
5b35704f-c9d8-4242-8b2f-2ef3a6b0c842,CPER_010.basePlot.vst,2017-09-21,vst_CPER_2017,D10,CPER,CPER_010,31,,31,8.3,78.3,,NEON.PLA.D10.CPER.02214,,,NEON.DOC.000987vE,ATCA2,Atriplex canescens (Pursh) Nutt.,species,,,,,,jmorris@battelleecology.org,Pjudge@battelleecology.org,
03c657cc-0f3f-41ed-ac61-71bfe1506962,CPER_010.basePlot.vst,2017-09-21,vst_CPER_2017,D10,CPER,CPER_010,32,,33,7.9,270.7,,NEON.PLA.D10.CPER.02215,,,NEON.DOC.000987vE,ATCA2,Atriplex canescens (Pursh) Nutt.,species,,,,,,jmorris@battelleecology.org,Pjudge@battelleecology.org,
fa251827-606d-44e2-ae45-96ff0687453b,CPER_010.basePlot.vst,2017-09-21,vst_CPER_2017,D10,CPER,CPER_010,41,,41,5.1,52.9,,NEON.PLA.D10.CPER.02218,,,NEON.DOC.000987vE,ATCA2,Atriplex canescens (Pursh) Nutt.,species,,,,,,Pjudge@battelleecology.org,jmorris@battelleecology.org,
794cc96e-b24f-4e7f-808d-703f44de1440,CPER_010.basePlot.vst,2017-09-21,vst_CPER_2017,D10,CPER,CPER_010,31,,31,6.0,81.3,,NEON.PLA.D10.CPER.02213,,,NEON.DOC.000987vE,ATCA2,Atriplex canescens (Pursh) Nutt.,species,,,,,,jmorris@battelleecology.org,Pjudge@battelleecology.org,
d4b83875-a6ba-4d8f-b9ce-71a24fa83c30,CPER_010.basePlot.vst,2017-09-21,vst_CPER_2017,D10,CPER,CPER_010,32,,33,7.7,273.6,,NEON.PLA.D10.CPER.02216,,,NEON.DOC.000987vE,ATCA2,Atriplex canescens (Pursh) Nutt.,species,,,,,,jmorris@battelleecology.org,Pjudge@battelleecology.org,
d4ed4038-b417-4505-a421-49d648233105,CPER_014.basePlot.vst,2017-09-21,vst_CPER_2017,D10,CPER,CPER_014,31,,31,7.1,29.0,,NEON.PLA.D10.CPER.02302,,,NEON.DOC.000987vE,ATCA2,Atriplex canescens (Pursh) Nutt.,species,,,,,,kbenson@battelleecology.org,jmorris@battelleecology.org,
0fcd8bbf-f3b7-44bc-b0d5-4bf106eb1079,CPER_014.basePlot.vst,2017-09-21,vst_CPER_2017,D10,CPER,CPER_014,31,,31,7.2,72.3,,NEON.PLA.D10.CPER.02304,,,NEON.DOC.000987vE,ATCA2,Atriplex canescens (Pursh) Nutt.,species,,,,,,kbenson@battelleecology.org,jmorris@battelleecology.org,
5b6d4c0f-c549-467c-81a8-67f34e7b32af,CPER_010.basePlot.vst,2017-09-21,vst_CPER_2017,D10,CPER,CPER_010,32,,33,12.1,318.7,,NEON.PLA.D10.CPER.02217,,,NEON.DOC.000987vE,ATCA2,Atriplex canescens (Pursh) Nutt.,species,,,,,,Pjudge@battelleecology.org,jmorris@battelleecology.org,
2ec7593d-88c2-491c-b7a5-9cde18513e87,CPER_014.basePlot.vst,2017-09-25,vst_CPER_2017,D10,CPER,CPER_014,41,,51,8.2,268.0,,NEON.PLA.D10.CPER.02301,,,NEON.DOC.000987vE,ATCA2,Atriplex canescens (Pursh) Nutt.,species,,,,,,kbenson@battelleecology.org,jmorris@battelleecology.org,
6a2bbd06-7e7d-4dd8-ae9b-5691a9a96180,CPER_011.basePlot.vst,2017-09-25,vst_CPER_2017,D10,CPER,CPER_011,40,,49,9.5,131.1,,NEON.PLA.D10.CPER.02219,,,NEON.DOC.000987vG,ATCA2,Atriplex canescens (Pursh) Nutt.,species,,,,,,Jlinden@battelleecology.org,Pjudge@battelleecology.org,
90574dc7-6a80-4b25-95ce-b7c5d4402d57,CPER_015.basePlot.vst,2017-09-25,vst_CPER_2017,D10,CPER,CPER_015,31,3,31,6.1,7.0,,NEON.PLA.D10.CPER.02162,,,NEON.DOC.000987vE,ARFI2,Artemisia filifolia Torr.,species,,,,,,atworek@battelleecology.org,nleder@battelleecology.org,
77bcaf45-3051-4510-b956-02666ee096a3,CPER_001.basePlot.vst,2017-09-25,vst_CPER_2017,D10,CPER,CPER_001,31,1,31,1.3,78.0,,NEON.PLA.D10.CPER.02161,,,NEON.DOC.000987vE,ATCA2,Atriplex canescens (Pursh) Nutt.,species,,,,,,atworek@battelleecology.org,nleder@battelleecology.org,