uid,namedLocation,date,eventID,domainID,siteID,plotID,individualID,tempStemID,tagStatus,growthForm,plantStatus,stemDiameter,measurementHeight,changedMeasurementLocation,height,baseCrownHeight,breakHeight,breakDiameter,maxCrownDiameter,ninetyCrownDiameter,canopyPosition,shape,basalStemDiameter,basalStemDiameterMsrmntHeight,maxBaseCrownDiameter,ninetyBaseCrownDiameter,dendrometerInstallationDate,initialGapMeasurementDate,initialBandStemDiameter,initialDendrometerGap,dendrometerHeight,dendrometerGap,dendrometerCondition,bandStemDiameter,remarks,recordedBy,measuredBy,dataEntryRecordID,dataQF
"9f5380bc-7fb4-4785-9e86-1369ff35054b","CPER_013.basePlot.vst","2014-09-10","vst_CPER_2014","D10","CPER","CPER_013","NEON.PLA.D10.CPER.00020",,,"small shrub","Live,  other damage",1.6,10,,0.4,,,,0.5,0.5,"Open grown","half-sphere",,,,,,,,,,,,,,,,,"legacyData"
"0ff28017-6a7d-4b42-b85c-baedc5a51a92","CPER_013.basePlot.vst","2014-09-10","vst_CPER_2014","D10","CPER","CPER_013","NEON.PLA.D10.CPER.00011",,,"small shrub","Live",1.2,10,,0.3,,,,0.7,0.6,"Open grown","half-sphere",,,,,,,,,,,,,,,,,"legacyData"
"2d7011f0-cf94-4036-ade8-1c85f6830dcd","CPER_013.basePlot.vst","2014-09-10","vst_CPER_2014","D10","CPER","CPER_013","NEON.PLA.D10.CPER.00006",,,"small shrub","Live",1.4,10,,0.5,,,,0.8,0.6,"Open grown","half-sphere",,,,,,,,,,,,,,,,,"legacyData"
"353529c1-cdba-4e7e-8b60-52324380e9c5","CPER_013.basePlot.vst","2014-09-10","vst_CPER_2014","D10","CPER","CPER_013","NEON.PLA.D10.CPER.00059",,,"small shrub","Live",1.1,10,,0.4,,,,1.0,0.8,"Open grown","half-sphere",,,,,,,,,,,,,,,,,"legacyData"
"c79ec293-238f-4e7d-adef-e96976f2be34","CPER_013.basePlot.vst","2014-09-10","vst_CPER_2014","D10","CPER","CPER_013","NEON.PLA.D10.CPER.00078",,,"small shrub","Live",1.8,10,,0.5,,,,0.9,0.7,"Open grown","half-sphere",,,,,,,,,,,,,,,,,"legacyData"
"9fc538c9-5f39-493e-9006-e711fec850a8","CPER_013.basePlot.vst","2014-09-10","vst_CPER_2014","D10","CPER","CPER_013","NEON.PLA.D10.CPER.00061",,,"small shrub","Live",3.2,10,,0.7,,,,1.5,1.4,"Open grown","half-sphere",,,,,,,,,,,,,,,,,"legacyData"
"9294fc80-0a45-497a-be5e-f3834d67e170","CPER_013.basePlot.vst","2014-09-10","vst_CPER_2014","D10","CPER","CPER_013","NEON.PLA.D10.CPER.00001",,,"small shrub","Live",2.5,10,,0.7,,,,0.9,0.9,"Open grown","half-sphere",,,,,,,,,,,,,,,,,"legacyData"
"99720573-e331-4aef-a438-188168de518b","CPER_013.basePlot.vst","2014-09-10","vst_CPER_2014","D10","CPER","CPER_013","NEON.PLA.D10.CPER.00008",,,"small shrub","Live",3.9,10,,0.5,,,,0.5,0.4,"Partially shaded","half-sphere",,,,,,,,,,,,,,,,,"legacyData"
"3ed7f85c-ae6e-4805-8300-f215766cf39f","CPER_013.basePlot.vst","2014-09-10","vst_CPER_2014","D10","CPER","CPER_013","NEON.PLA.D10.CPER.00033",,,"small shrub","Live",1.6,10,,0.6,,,,1.4,1.4,"Open grown","half-sphere",,,,,,,,,,,,,,,,,"legacyData"
"b7cc8ab4-cb95-4cea-8473-afb91ad9cf51","CPER_013.basePlot.vst","2014-09-10","vst_CPER_2014","D10","CPER","CPER_013","NEON.PLA.D10.CPER.00013",,,"small shrub","Live",1.3,10,,0.5,,,,0.7,0.5,"Open grown","half-sphere",,,,,,,,,,,,,,,,,"legacyData"
"e347ef78-d373-4a20-bf40-6637361ca09a","CPER_013.basePlot.vst","2014-09-10","vst_CPER_2014","D10","CPER","CPER_013","NEON.PLA.D10.CPER.00066",,,"small shrub","Live",6.5,10,,0.5,,,,1.2,1.1,"Open grown","half-sphere",,,,,,,,,,,,,,,,,"legacyData"
"7525b941-663e-483f-af91-c080d4ec2af1","CPER_013.basePlot.vst","2014-09-10","vst_CPER_2014","D10","CPER","CPER_013","NEON.PLA.D10.CPER.00012",,,"small shrub","Live",1.9,10,,0.4,,,,0.5,0.5,"Open grown","half-sphere",,,,,,,,,,,,,,,,,"legacyData"
"f1a447c7-081d-4f71-90ce-4a8b6dfe9ae9","CPER_013.basePlot.vst","2014-09-10","vst_CPER_2014","D10","CPER","CPER_013","NEON.PLA.D10.CPER.00019",,,"small shrub","Live",1.2,10,,0.3,,,,0.6,0.5,"Open grown","half-sphere",,,,,,,,,,,,,,,,,"legacyData"
"9dc54e6a-51d9-4e22-a59e-3b7928b6cc3b","CPER_013.basePlot.vst","2014-09-10","vst_CPER_2014","D10","CPER","CPER_013","NEON.PLA.D10.CPER.00073",,,"small shrub","Live",2.8,10,,0.5,,,,1.3,0.8,"Open grown","half-sphere",,,,,,,,,,,,,,,,,"legacyData"
"9f8447d9-59d6-4fd2-944d-184923a61b6e","CPER_013.basePlot.vst","2014-09-10","vst_CPER_2014","D10","CPER","CPER_013","NEON.PLA.D10.CPER.00003",,,"small shrub","Live",1.1,10,,0.7,,,,0.8,0.6,"Partially shaded","half-sphere",,,,,,,,,,,,,,,,,"legacyData"
"77cb477b-66c5-4aea-b9f8-15df97c59c21","CPER_013.basePlot.vst","2014-09-10","vst_CPER_2014","D10","CPER","CPER_013","NEON.PLA.D10.CPER.00014",,,"small shrub","Live",1.0,10,,0.4,,,,0.7,0.4,"Open grown","half-sphere",,,,,,,,,,,,,,,,,"legacyData"
"256b416d-a533-4a5d-8594-d3dc2a1f23da","CPER_013.basePlot.vst","2014-09-10","vst_CPER_2014","D10","CPER","CPER_013","NEON.PLA.D10.CPER.00069",,,"small shrub","Live",2.0,10,,0.2,,,,0.4,0.3,"Open grown","half-sphere",,,,,,,,,,,,,,,,,"legacyData"
"cad30d19-8907-4b6f-9c3d-34c52b78b20b","CPER_013.basePlot.vst","2014-09-10","vst_CPER_2014","D10","CPER","CPER_013","NEON.PLA.D10.CPER.00022",,,"small shrub","Live",2.6,10,,0.7,,,,1.0,0.9,"Partially shaded","half-sphere",,,,,,,,,,,,,,,,,"legacyData"
"04cb1e96-08d0-490e-9348-4e619c54e682","CPER_013.basePlot.vst","2014-09-10","vst_CPER_2014","D10","CPER","CPER_013","NEON.PLA.D10.CPER.00062",,,"small shrub","Live",1.7,10,,0.6,,,,1.3,0.9,"Open grown","half-sphere",,,,,,,,,,,,,,,,,"legacyData"
"9f08f9cd-2977-4b21-95f7-d787f945cf70","CPER_013.basePlot.vst","2014-09-10","vst_CPER_2014","D10","CPER","CPER_013","NEON.PLA.D10.CPER.00005",,,"small shrub","Live",4.0,10,,0.6,,,,0.8,0.6,"Open grown","half-sphere",,,,,,,,,,,,,,,,,"legacyData"
"dec75b32-11c4-466e-9293-e8899d6134c0","CPER_013.basePlot.vst","2014-09-10","vst_CPER_2014","D10","CPER","CPER_013","NEON.PLA.D10.CPER.00036",,,"small shrub","Live",1.3,10,,0.8,,,,1.1,0.9,"Open grown","half-sphere",,,,,,,,,,,,,,,,,"legacyData"
"1837b4e8-28b2-4ce7-8c21-4c6e92a1c8df","CPER_013.basePlot.vst","2014-09-10","vst_CPER_2014","D10","CPER","CPER_013","NEON.PLA.D10.CPER.00025",,,"small shrub","Live",1.1,10,,0.6,,,,0.8,0.8,"Open grown","half-sphere",,,,,,,,,,,,,,,,,"legacyData"
"2bef8b74-b85c-4563-a66c-32f14a4622e0","CPER_013.basePlot.vst","2014-09-10","vst_CPER_2014","D10","CPER","CPER_013","NEON.PLA.D10.CPER.00024",,,"small shrub","Live",1.1,10,,0.6,,,,1.2,1.0,"Open grown","half-sphere",,,,,,,,,,,,,,,,,"legacyData"
"2ae7dab9-d027-4cf6-ae1b-70021ab2be90","CPER_013.basePlot.vst","2014-09-10","vst_CPER_2014","D10","CPER","CPER_013","NEON.PLA.D10.CPER.00021",,,"small shrub","Live",2.6,10,,0.5,,,,0.6,0.5,"Partially shaded","half-sphere",,,,,,,,,,,,,,,,,"legacyData"
"7143c35c-6d90-46c1-a2f9-6e4a8dc7feb0","CPER_013.basePlot.vst","2014-09-10","vst_CPER_2014","D10","CPER","CPER_013","NEON.PLA.D10.CPER.00035",,,"small shrub","Standing dead",1.4,10,,0.7,,,,1.2,0.4,"Open grown","half-sphere",,,,,,,,,,,,,,,,,"legacyData"
"6a353294-cbb4-4c1e-a75b-624607548b84","CPER_013.basePlot.vst","2014-09-10","vst_CPER_2014","D10","CPER","CPER_013","NEON.PLA.D10.CPER.00031",,,"small shrub","Live",2.2,10,,0.4,,,,1.0,0.9,"Open grown","half-sphere",,,,,,,,,,,,,,,,,"legacyData"
"464b4ace-8ebb-4775-a72e-004eb1f01443","CPER_013.basePlot.vst","2014-09-10","vst_CPER_2014","D10","CPER","CPER_013","NEON.PLA.D10.CPER.00063",,,"small shrub","Live",1.0,10,,0.5,,,,1.0,0.4,"Open grown","half-sphere",,,,,,,,,,,,,,,,,"legacyData"
"ce0a004a-dcd0-400b-97b1-815b851f0a5d","CPER_013.basePlot.vst","2014-09-10","vst_CPER_2014","D10","CPER","CPER_013","NEON.PLA.D10.CPER.00075",,,"small shrub","Live",1.7,10,,0.8,,,,1.4,1.2,"Open grown","half-sphere",,,,,,,,,,,,,,,,,"legacyData"
"1107dfd1-cfd8-42c2-8e0d-16ce6e331842","CPER_013.basePlot.vst","2014-09-10","vst_CPER_2014","D10","CPER","CPER_013","NEON.PLA.D10.CPER.00028",,,"small shrub","Live",2.1,10,,0.4,,,,0.5,0.5,"Open grown","half-sphere",,,,,,,,,,,,,,,,,"legacyData"
"9ae40b60-2b1b-45fb-b4c9-fcab09ad200e","CPER_013.basePlot.vst","2014-09-10","vst_CPER_2014","D10","CPER","CPER_013","NEON.PLA.D10.CPER.00074",,,"small shrub","Live",2.2,10,,0.7,,,,1.5,1.4,"Open grown","half-sphere",,,,,,,,,,,,,,,,,"legacyData"
"dae12c29-509c-47af-9538-a54d8c2deee0","CPER_013.basePlot.vst","2014-09-10","vst_CPER_2014","D10","CPER","CPER_013","NEON.PLA.D10.CPER.00027",,,"small shrub","Live",1.3,10,,0.6,,,,1.0,0.7,"Open grown","half-sphere",,,,,,,,,,,,,,,,,"legacyData"
"8f1f22a2-8a30-4137-ad53-db1a986d3d91","CPER_013.basePlot.vst","2014-09-10","vst_CPER_2014","D10","CPER","CPER_013","NEON.PLA.D10.CPER.00015",,,"small shrub","Live",1.2,10,,0.5,,,,1.0,0.7,"Open grown","half-sphere",,,,,,,,,,,,,,,,,"legacyData"
"0749d3bb-3ed9-4310-93c7-989a8e3e4f6b","CPER_013.basePlot.vst","2014-09-10","vst_CPER_2014","D10","CPER","CPER_013","NEON.PLA.D10.CPER.00034",,,"small shrub","Live",1.2,10,,0.5,,,,1.1,0.9,"Open grown","half-sphere",,,,,,,,,,,,,,,,,"legacyData"
"760a26eb-fd31-4f5e-a013-bdbc5dffc2f3","CPER_013.basePlot.vst","2014-09-10","vst_CPER_2014","D10","CPER","CPER_013","NEON.PLA.D10.CPER.00018",,,"small shrub","Live",3.3,10,,0.7,,,,0.6,0.5,"Partially shaded","half-sphere",,,,,,,,,,,,,,,,,"legacyData"
"7553603e-e654-4df1-bce8-3d5f0c26c724","CPER_013.basePlot.vst","2014-09-10","vst_CPER_2014","D10","CPER","CPER_013","NEON.PLA.D10.CPER.00007",,,"small shrub","Live",1.1,10,,0.3,,,,0.8,0.7,"Open grown","half-sphere",,,,,,,,,,,,,,,,,"legacyData"
"6f259389-52ea-4837-a3e7-e2fc84299264","CPER_013.basePlot.vst","2014-09-10","vst_CPER_2014","D10","CPER","CPER_013","NEON.PLA.D10.CPER.00072",,,"small shrub","Live",1.4,10,,0.6,,,,0.8,0.6,"Open grown","half-sphere",,,,,,,,,,,,,,,,,"legacyData"
"49543545-a115-412b-89fd-abf4fc4f10a1","CPER_013.basePlot.vst","2014-09-10","vst_CPER_2014","D10","CPER","CPER_013","NEON.PLA.D10.CPER.00064",,,"small shrub","Live",2.3,10,,0.6,,,,1.0,0.7,"Partially shaded","half-sphere",,,,,,,,,,,,,,,,,"legacyData"
"14204bca-db8f-4458-ad4c-7a5553f3b087","CPER_013.basePlot.vst","2014-09-10","vst_CPER_2014","D10","CPER","CPER_013","NEON.PLA.D10.CPER.00030",,,"small shrub","Live",1.7,10,,0.5,,,,1.0,0.4,"Open grown","half-sphere",,,,,,,,,,,,,,,,,"legacyData"
"9104f9fe-dc6d-453e-bb3c-312d390444b0","CPER_013.basePlot.vst","2014-09-10","vst_CPER_2014","D10","CPER","CPER_013","NEON.PLA.D10.CPER.00029",,,"small shrub","Live",2.5,10,,0.9,,,,1.3,1.0,"Open grown","half-sphere",,,,,,,,,,,,,,,,,"legacyData"
"f994fa6b-f493-43d1-a9c1-492c3401255f","CPER_013.basePlot.vst","2014-09-10","vst_CPER_2014","D10","CPER","CPER_013","NEON.PLA.D10.CPER.00026",,,"small shrub","Live",1.1,10,,0.6,,,,0.7,0.4,"Open grown","half-sphere",,,,,,,,,,,,,,,,,"legacyData"
"f6ba4d34-9769-42ac-9b7b-a96845b35aeb","CPER_013.basePlot.vst","2014-09-10","vst_CPER_2014","D10","CPER","CPER_013","NEON.PLA.D10.CPER.00010",,,"small shrub","Live",2.7,10,,0.5,,,,0.6,0.5,"Partially shaded","half-sphere",,,,,,,,,,,,,,,,,"legacyData"
"a045e725-921d-40da-be90-937bb11891de","CPER_013.basePlot.vst","2014-09-10","vst_CPER_2014","D10","CPER","CPER_013","NEON.PLA.D10.CPER.00065",,,"small shrub","Live",5.6,10,,0.7,,,,1.2,1.0,"Open grown","oblate half-sphere",,,,,,,,,,,,,,,,,"legacyData"
"78bc4338-f01f-4015-9adc-8e6a9cbeb8f2","CPER_013.basePlot.vst","2014-09-10","vst_CPER_2014","D10","CPER","CPER_013","NEON.PLA.D10.CPER.00002",,,"small shrub","Live",1.8,10,,0.6,,,,0.8,0.4,"Partially shaded","half-sphere",,,,,,,,,,,,,,,,,"legacyData"
"acd4d8c0-7a9f-4425-80ce-053c3a596528","CPER_013.basePlot.vst","2014-09-10","vst_CPER_2014","D10","CPER","CPER_013","NEON.PLA.D10.CPER.00004",,,"small shrub","Live",1.3,10,,0.5,,,,0.7,0.7,"Open grown","half-sphere",,,,,,,,,,,,,,,,,"legacyData"
"0bf03754-9c65-4d08-b47a-d4493c0d205b","CPER_013.basePlot.vst","2014-09-10","vst_CPER_2014","D10","CPER","CPER_013","NEON.PLA.D10.CPER.00016",,,"small shrub","Live",1.3,10,,0.5,,,,1.0,0.7,"Open grown","half-sphere",,,,,,,,,,,,,,,,,"legacyData"
"407db627-c786-45f2-9ec6-3119b4d729fd","CPER_013.basePlot.vst","2014-09-10","vst_CPER_2014","D10","CPER","CPER_013","NEON.PLA.D10.CPER.00071",,,"small shrub","Live",3.1,10,,0.4,,,,0.8,0.6,"Open grown","oblate half-sphere",,,,,,,,,,,,,,,,,"legacyData"
"91d9b6e5-6c83-414f-bcf1-4f2f03bb6377","CPER_013.basePlot.vst","2014-09-10","vst_CPER_2014","D10","CPER","CPER_013","NEON.PLA.D10.CPER.00067",,,"small shrub","Live",1.1,10,,0.3,,,,0.4,0.2,"Open grown","half-sphere",,,,,,,,,,,,,,,,,"legacyData"
"6ea0c9f0-e05e-45de-8f1f-e391657798e3","CPER_013.basePlot.vst","2014-09-10","vst_CPER_2014","D10","CPER","CPER_013","NEON.PLA.D10.CPER.00077",,,"small shrub","Live",1.0,10,,0.4,,,,0.6,0.5,"Open grown","half-sphere",,,,,,,,,,,,,,,,,"legacyData"
"d1acb806-41ed-4d76-a9b8-ef9d8cd8c23c","CPER_013.basePlot.vst","2014-09-10","vst_CPER_2014","D10","CPER","CPER_013","NEON.PLA.D10.CPER.00070",,,"small shrub","Live",3.4,10,,0.5,,,,1.4,1.2,"Open grown","half-sphere",,,,,,,,,,,,,,,,,"legacyData"
"2551beed-43ce-4029-938f-5ab910491098","CPER_013.basePlot.vst","2014-09-10","vst_CPER_2014","D10","CPER","CPER_013","NEON.PLA.D10.CPER.00017",,,"small shrub","Live",2.7,10,,0.4,,,,1.0,0.9,"Open grown","half-sphere",,,,,,,,,,,,,,,,,"legacyData"
"8ee16263-6850-4e5d-aa49-14bd35dcb9e2","CPER_013.basePlot.vst","2014-09-10","vst_CPER_2014","D10","CPER","CPER_013","NEON.PLA.D10.CPER.00058",,,"small shrub","Live",1.7,10,,0.5,,,,0.9,0.6,"Open grown","half-sphere",,,,,,,,,,,,,,,,,"legacyData"
"9741c0f8-58d3-412d-a318-4b03b30cfb4a","CPER_013.basePlot.vst","2014-09-10","vst_CPER_2014","D10","CPER","CPER_013","NEON.PLA.D10.CPER.00023",,,"small shrub","Live",2.9,10,,0.7,,,,1.1,0.9,"Open grown","half-sphere",,,,,,,,,,,,,,,,,"legacyData"
"0e282b48-7f7a-41c6-b0dc-44af6682ad64","CPER_013.basePlot.vst","2014-09-10","vst_CPER_2014","D10","CPER","CPER_013","NEON.PLA.D10.CPER.00032",,,"small shrub","Live",1.5,10,,0.5,,,,1.0,0.4,"Open grown","half-sphere",,,,,,,,,,,,,,,,,"legacyData"
"0a5ee429-6cee-42a5-b71a-e284375a367f","CPER_013.basePlot.vst","2014-09-10","vst_CPER_2014","D10","CPER","CPER_013","NEON.PLA.D10.CPER.00009",,,"small shrub","Live",1.4,10,,0.4,,,,0.4,0.4,"Partially shaded","half-sphere",,,,,,,,,,,,,,,,,"legacyData"
"ca5849ee-7764-4107-b356-cedb535b0755","CPER_013.basePlot.vst","2014-09-10","vst_CPER_2014","D10","CPER","CPER_013","NEON.PLA.D10.CPER.00068",,,"small shrub","Live",2.8,10,,0.3,,,,0.6,0.4,"Open grown","half-sphere",,,,,,,,,,,,,,,,,"legacyData"
"5883de9e-bf10-4854-a55b-e05fe065c22f","CPER_013.basePlot.vst","2014-09-10","vst_CPER_2014","D10","CPER","CPER_013","NEON.PLA.D10.CPER.00060",,,"small shrub","Live",3.4,10,,0.4,,,,0.7,0.4,"Open grown","oblate half-sphere",,,,,,,,,,,,,,,,,"legacyData"
"48f6b164-532e-44d6-923d-62562b3486c2","CPER_004.basePlot.vst","2014-09-11","vst_CPER_2014","D10","CPER","CPER_004","NEON.PLA.D10.CPER.00051",,,"small shrub","Live",3.0,10,,0.6,,,,0.7,0.5,"Open grown","half-sphere",,,,,,,,,,,,,,,,,"legacyData"
"1b5ff4fc-b05a-4ae7-a063-5631e0b6bd33","CPER_004.basePlot.vst","2014-09-11","vst_CPER_2014","D10","CPER","CPER_004","NEON.PLA.D10.CPER.00037",,,"small shrub","Live",2.7,10,,0.3,,,,1.3,0.7,"Open grown","oblate half-sphere",,,,,,,,,,,,,,,,,"legacyData"
"78b42f09-8d31-4f84-a94f-90b673459d2e","CPER_004.basePlot.vst","2014-09-11","vst_CPER_2014","D10","CPER","CPER_004","NEON.PLA.D10.CPER.00048",,,"small shrub","Live",1.9,10,,0.5,,,,1.4,1.1,"Open grown","oblate half-sphere",,,,,,,,,,,,,,,,,"legacyData"
"0c060f3b-c689-4a92-9a50-367b62a28537","CPER_004.basePlot.vst","2014-09-11","vst_CPER_2014","D10","CPER","CPER_004","NEON.PLA.D10.CPER.00047",,,"small shrub","Live",2.7,10,,0.8,,,,1.7,1.7,"Open grown","half-sphere",,,,,,,,,,,,,,,,,"legacyData"
"01de15b4-8b19-4767-914d-f9f6125bb574","CPER_004.basePlot.vst","2014-09-11","vst_CPER_2014","D10","CPER","CPER_004","NEON.PLA.D10.CPER.00053",,,"small shrub","Live",1.2,10,,0.6,,,,1.0,0.7,"Open grown","half-sphere",,,,,,,,,,,,,,,,,"legacyData"
"0a309b72-8d2b-4573-a0d4-01dca5c9c3e5","CPER_004.basePlot.vst","2014-09-11","vst_CPER_2014","D10","CPER","CPER_004","NEON.PLA.D10.CPER.00056",,,"small shrub","Live",1.1,10,,0.5,,,,0.8,0.4,"Partially shaded","half-sphere",,,,,,,,,,,,,,,,,"legacyData"
"c1c348e9-598a-48e2-ab7e-480cd8d2e424","CPER_004.basePlot.vst","2014-09-11","vst_CPER_2014","D10","CPER","CPER_004","NEON.PLA.D10.CPER.00045",,,"small shrub","Live",1.8,10,,0.7,,,,0.5,0.4,"Partially shaded","oblate half-sphere",,,,,,,,,,,,,,,,,"legacyData"
"831e45a9-8681-41a8-ac5e-ab7e8c84af4e","CPER_004.basePlot.vst","2014-09-11","vst_CPER_2014","D10","CPER","CPER_004","NEON.PLA.D10.CPER.00043",,,"small shrub","Live",3.4,10,,0.7,,,,1.2,1.1,"Open grown","half-sphere",,,,,,,,,,,,,,,,,"legacyData"
"5aa80bf5-a30e-4198-9660-61a82bacde3d","CPER_004.basePlot.vst","2014-09-11","vst_CPER_2014","D10","CPER","CPER_004","NEON.PLA.D10.CPER.00054",,,"small shrub","Live",1.7,10,,0.8,,,,1.1,0.8,"Open grown","half-sphere",,,,,,,,,,,,,,,,,"legacyData"
"ebf26258-5807-4e28-8749-6b1c0e56f7de","CPER_004.basePlot.vst","2014-09-11","vst_CPER_2014","D10","CPER","CPER_004","NEON.PLA.D10.CPER.00042",,,"small shrub","Live",3.5,10,,0.8,,,,1.4,1.2,"Open grown","half-sphere",,,,,,,,,,,,,,,,,"legacyData"
"c8e66a95-d0a1-4a8d-9525-21db286d6ef7","CPER_004.basePlot.vst","2014-09-11","vst_CPER_2014","D10","CPER","CPER_004","NEON.PLA.D10.CPER.00039",,,"small shrub","Live",1.4,10,,0.6,,,,1.2,0.7,"Partially shaded","half-sphere",,,,,,,,,,,,,,,,,"legacyData"
"fb92b624-dc51-4908-bb1c-9ddf958197f5","CPER_004.basePlot.vst","2014-09-11","vst_CPER_2014","D10","CPER","CPER_004","NEON.PLA.D10.CPER.00057",,,"small shrub","Live",3.0,10,,0.5,,,,1.2,0.6,"Open grown","half-sphere",,,,,,,,,,,,,,,,,"legacyData"
"0a431c23-9c84-4215-bff8-fef6803f44f1","CPER_004.basePlot.vst","2014-09-11","vst_CPER_2014","D10","CPER","CPER_004","NEON.PLA.D10.CPER.00040",,,"small shrub","Live",2.7,10,,0.6,,,,1.2,1.1,"Partially shaded","half-sphere",,,,,,,,,,,,,,,,,"legacyData"
"af548d0c-7400-458d-b5f8-1be5b1d3ab3c","CPER_004.basePlot.vst","2014-09-11","vst_CPER_2014","D10","CPER","CPER_004","NEON.PLA.D10.CPER.00050",,,"small shrub","Live",1.1,10,,0.7,,,,0.9,0.6,"Partially shaded","half-sphere",,,,,,,,,,,,,,,,,"legacyData"
"7d49e362-9e60-4d51-9e8b-914e4b5d5e91","CPER_004.basePlot.vst","2014-09-11","vst_CPER_2014","D10","CPER","CPER_004","NEON.PLA.D10.CPER.00052",,,"small shrub","Standing dead",1.9,10,,0.5,,,,0.6,0.4,"Open grown","half-sphere",,,,,,,,,,,,,,,,,"legacyData"
"96565329-5481-4928-8ff9-3ff70688f96b","CPER_004.basePlot.vst","2014-09-11","vst_CPER_2014","D10","CPER","CPER_004","NEON.PLA.D10.CPER.00055",,,"small shrub","Live",3.9,10,,0.5,,,,0.9,0.6,"Open grown","half-sphere",,,,,,,,,,,,,,,,,"legacyData"
"bb41751a-847d-44d3-80be-01bd25f273a3","CPER_004.basePlot.vst","2014-09-11","vst_CPER_2014","D10","CPER","CPER_004","NEON.PLA.D10.CPER.00049",,,"small shrub","Live",1.1,10,,0.6,,,,0.9,0.8,"Open grown","half-sphere",,,,,,,,,,,,,,,,,"legacyData"
"ef134fb4-95a7-42a6-a951-43ed6d639ba8","CPER_004.basePlot.vst","2014-09-11","vst_CPER_2014","D10","CPER","CPER_004","NEON.PLA.D10.CPER.00041",,,"small shrub","Live",1.0,10,,0.6,,,,0.7,0.5,"Open grown","half-sphere",,,,,,,,,,,,,,,,,"legacyData"
"335e764f-f392-4983-a2cb-fc88dfd8d0c8","CPER_004.basePlot.vst","2014-09-11","vst_CPER_2014","D10","CPER","CPER_004","NEON.PLA.D10.CPER.00044",,,"small shrub","Live",1.5,10,,0.5,,,,0.7,0.3,"Partially shaded","half-sphere",,,,,,,,,,,,,,,,,"legacyData"
"2a003f36-2b24-41ae-881d-a903d6af444f","CPER_004.basePlot.vst","2014-09-11","vst_CPER_2014","D10","CPER","CPER_004","NEON.PLA.D10.CPER.00038",,,"small shrub","Live",1.7,10,,0.5,,,,1.1,0.8,"Open grown","half-sphere",,,,,,,,,,,,,,,,,"legacyData"
"a6d8dc12-930b-4d45-b44e-d19cc5753a7f","CPER_004.basePlot.vst","2014-09-11","vst_CPER_2014","D10","CPER","CPER_004","NEON.PLA.D10.CPER.00046",,,"small shrub","Live",2.5,10,,0.8,,,,1.6,1.0,"Open grown","half-sphere",,,,,,,,,,,,,,,,,"legacyData"
"7f6a68b4-f58c-4b7a-88d1-442b8c6876a2","CPER_004.basePlot.vst","2014-09-11","vst_CPER_2014","D10","CPER","CPER_004","NEON.PLA.D10.CPER.00195",,,"small shrub","Live",1.6,10,,0.6,,,,0.5,0.2,"Partially shaded","half-sphere",,,,,,,,,,,,,,,,,"legacyData"
"0964ba5a-b061-47b2-a4e0-59f604dcbc92","CPER_010.basePlot.vst","2014-09-15","vst_CPER_2014","D10","CPER","CPER_010","NEON.PLA.D10.CPER.00088",,,"small shrub","Standing dead",1.3,10,,0.4,,,,1.0,0.7,"Open grown","half-sphere",,,,,,,,,,,,,,,,,"legacyData"
"d1549089-234d-465e-857d-c4816f9f025a","CPER_010.basePlot.vst","2014-09-15","vst_CPER_2014","D10","CPER","CPER_010","NEON.PLA.D10.CPER.00097",,,"small shrub","Live",2.5,10,,0.4,,,,0.8,0.7,"Open grown","half-sphere",,,,,,,,,,,,,,,,,"legacyData"
"e4b96865-4c68-4ab5-b7e8-4ddbd78a77b2","CPER_010.basePlot.vst","2014-09-15","vst_CPER_2014","D10","CPER","CPER_010","NEON.PLA.D10.CPER.00087",,,"small shrub","Standing dead",2.5,10,,0.5,,,,1.0,0.5,"Partially shaded","half-sphere",,,,,,,,,,,,,,,,,"legacyData"
"4ad48fbb-e15e-4e07-9225-b6b29602e700","CPER_010.basePlot.vst","2014-09-15","vst_CPER_2014","D10","CPER","CPER_010","NEON.PLA.D10.CPER.00098",,,"small shrub","Standing dead",2.9,10,,0.6,,,,1.0,1.0,"Open grown","half-sphere",,,,,,,,,,,,,,,,,"legacyData"
"b1e684c9-a770-4a6a-b0f7-3b7c63e47a49","CPER_010.basePlot.vst","2014-09-15","vst_CPER_2014","D10","CPER","CPER_010","NEON.PLA.D10.CPER.00089",,,"small shrub","Live,  other damage",2.5,10,,0.4,,,,0.7,0.7,"Open grown","half-sphere",,,,,,,,,,,,,,,,,"legacyData"
"0b6c17df-1b0f-473d-82b4-1ae24443af9e","CPER_010.basePlot.vst","2014-09-15","vst_CPER_2014","D10","CPER","CPER_010","NEON.PLA.D10.CPER.00096",,,"small shrub","Live",1.0,10,,0.3,,,,0.5,0.4,"Open grown","half-sphere",,,,,,,,,,,,,,,,,"legacyData"
"824b0bd1-d0ee-4cc6-b518-6b88d3f6b42f","CPER_010.basePlot.vst","2014-09-15","vst_CPER_2014","D10","CPER","CPER_010","NEON.PLA.D10.CPER.00080",,,"small shrub","Standing dead",2.1,10,,0.5,,,,0.8,0.6,"Open grown","half-sphere",,,,,,,,,,,,,,,,,"legacyData"
"56cb27df-7be7-4c4c-9531-cd3b60dc23d7","CPER_010.basePlot.vst","2014-09-15","vst_CPER_2014","D10","CPER","CPER_010","NEON.PLA.D10.CPER.00085",,,"small shrub","Live",2.6,10,,0.5,,,,0.9,0.6,"Open grown","half-sphere",,,,,,,,,,,,,,,,,"legacyData"
"9caa04d4-8343-4e7d-9d4d-f81b9e690df6","CPER_010.basePlot.vst","2014-09-15","vst_CPER_2014","D10","CPER","CPER_010","NEON.PLA.D10.CPER.00094",,,"small shrub","Live",1.4,10,,0.3,,,,0.6,0.4,"Open grown","half-sphere",,,,,,,,,,,,,,,,,"legacyData"
"c31eff4e-15c6-4e70-81fb-6e53917d8329","CPER_010.basePlot.vst","2014-09-15","vst_CPER_2014","D10","CPER","CPER_010","NEON.PLA.D10.CPER.00081",,,"small shrub","Standing dead",1.7,10,,0.3,,,,0.7,0.5,"Open grown","half-sphere",,,,,,,,,,,,,,,,,"legacyData"
"76908b9c-fccf-4da7-ac19-10758fa028dc","CPER_010.basePlot.vst","2014-09-15","vst_CPER_2014","D10","CPER","CPER_010","NEON.PLA.D10.CPER.00090",,,"small shrub","Live",1.6,10,,0.4,,,,0.4,0.3,"Open grown","half-sphere",,,,,,,,,,,,,,,,,"legacyData"
"0efe5d83-ef51-479e-9764-6a1c3e9f1095","CPER_010.basePlot.vst","2014-09-15","vst_CPER_2014","D10","CPER","CPER_010","NEON.PLA.D10.CPER.00099",,,"small shrub","Live,  other damage",2.0,10,,0.3,,,,0.6,0.4,"Open grown","half-sphere",,,,,,,,,,,,,,,,,"legacyData"
"1904ff80-5701-4d3c-b9fe-daf703a8928b","CPER_010.basePlot.vst","2014-09-15","vst_CPER_2014","D10","CPER","CPER_010","NEON.PLA.D10.CPER.00079",,,"small shrub","Live",2.0,10,,0.5,,,,1.0,0.8,"Open grown","half-sphere",,,,,,,,,,,,,,,,,"legacyData"
"139e00a7-8d92-4ca6-8816-2870d0dcab24","CPER_010.basePlot.vst","2014-09-15","vst_CPER_2014","D10","CPER","CPER_010","NEON.PLA.D10.CPER.00091",,,"small shrub","Standing dead",2.3,10,,0.2,,,,0.4,0.3,"Open grown","half-sphere",,,,,,,,,,,,,,,,,"legacyData"
"8ca019a7-3bfc-4387-9d6f-d018bfbb6bbb","CPER_010.basePlot.vst","2014-09-15","vst_CPER_2014","D10","CPER","CPER_010","NEON.PLA.D10.CPER.00100",,,"small shrub","Live",4.5,10,,0.5,,,,1.0,0.7,"Partially shaded","half-sphere",,,,,,,,,,,,,,,,,"legacyData"
"6e623dcb-04d6-4a90-9434-d8878b2d750a","CPER_010.basePlot.vst","2014-09-15","vst_CPER_2014","D10","CPER","CPER_010","NEON.PLA.D10.CPER.00082",,,"small shrub","Live",1.5,10,,0.5,,,,0.7,0.5,"Open grown","half-sphere",,,,,,,,,,,,,,,,,"legacyData"
"1f5540da-519a-4b44-a8cd-5b9c8ff6fc24","CPER_010.basePlot.vst","2014-09-15","vst_CPER_2014","D10","CPER","CPER_010","NEON.PLA.D10.CPER.00092",,,"small shrub","Live",1.4,10,,0.4,,,,0.7,0.7,"Open grown","half-sphere",,,,,,,,,,,,,,,,,"legacyData"
"dfe43e9b-2673-423c-a08d-adc0173c0ca7","CPER_017.basePlot.vst","2014-09-15","vst_CPER_2014","D10","CPER","CPER_017","NEON.PLA.D10.CPER.00106",,,"small shrub","Live",2.2,10,,0.2,,,,0.6,0.4,"Open grown","half-sphere",,,,,,,,,,,,,,,,,"legacyData"
"0845674e-f4ea-4022-b7fd-2ea2247dd68e","CPER_010.basePlot.vst","2014-09-15","vst_CPER_2014","D10","CPER","CPER_010","NEON.PLA.D10.CPER.00086",,,"small shrub","Live,  other damage",1.3,10,,0.3,,,,0.7,0.6,"Open grown","half-sphere",,,,,,,,,,,,,,,,,"legacyData"
"06274804-7a22-4509-8e68-2b6990dbefa7","CPER_010.basePlot.vst","2014-09-15","vst_CPER_2014","D10","CPER","CPER_010","NEON.PLA.D10.CPER.00095",,,"small shrub","Live",1.1,10,,0.3,,,,0.7,0.3,"Open grown","half-sphere",,,,,,,,,,,,,,,,,"legacyData"
"81b828a1-2791-4349-95b0-bc849cdeca6a","CPER_010.basePlot.vst","2014-09-15","vst_CPER_2014","D10","CPER","CPER_010","NEON.PLA.D10.CPER.00093",,,"small shrub","Live",1.0,10,,0.4,,,,0.7,0.6,"Open grown","half-sphere",,,,,,,,,,,,,,,,,"legacyData"
"bc6927b8-1324-4ee0-bce7-c4955ed86b63","CPER_010.basePlot.vst","2014-09-15","vst_CPER_2014","D10","CPER","CPER_010","NEON.PLA.D10.CPER.00084",,,"small shrub","Standing dead",2.2,10,,0.6,,,,0.3,0.2,"Partially shaded","half-sphere",,,,,,,,,,,,,,,,,"legacyData"
"d8a9984e-38f6-4494-9063-7a7b4515ed8c","CPER_010.basePlot.vst","2014-09-15","vst_CPER_2014","D10","CPER","CPER_010","NEON.PLA.D10.CPER.00083",,,"small shrub","Live,  other damage",3.0,10,,0.5,,,,0.5,0.4,"Partially shaded","half-sphere",,,,,,,,,,,,,,,,,"legacyData"
"9e302b71-03d5-4441-a211-e1eea40057a4","CPER_007.basePlot.vst","2014-09-16","vst_CPER_2014","D10","CPER","CPER_007","NEON.PLA.D10.CPER.00102",,,"small shrub","Live",1.3,10,,0.5,,,,1.0,0.9,"Open grown","half-sphere",,,,,,,,,,,,,,,,,"legacyData"
"f69d2f23-900a-40c5-97ca-4f9f021fccb8","CPER_010.basePlot.vst","2014-09-16","vst_CPER_2014","D10","CPER","CPER_010","NEON.PLA.D10.CPER.00101",,,"small shrub","Live",2.0,10,,0.3,,,,0.8,0.6,"Open grown","oblate half-sphere",,,,,,,,,,,,,,,,,"legacyData"
"296fdd37-6a31-4b39-a771-85d7569abf22","CPER_007.basePlot.vst","2014-09-16","vst_CPER_2014","D10","CPER","CPER_007","NEON.PLA.D10.CPER.00104",,,"small shrub","Live",1.3,10,,0.6,,,,1.3,0.8,"Open grown","half-sphere",,,,,,,,,,,,,,,,,"legacyData"
"f9e7941d-f0a4-400e-b5cd-716e8c45de02","CPER_007.basePlot.vst","2014-09-16","vst_CPER_2014","D10","CPER","CPER_007","NEON.PLA.D10.CPER.00103",,,"small shrub","Live",1.8,1,,0.6,,,,1.0,0.8,"Open grown","half-sphere",,,,,,,,,,,,,,,,,"legacyData"
"e85ddb4d-7860-4d44-a25c-3049ab477162","CPER_007.basePlot.vst","2014-09-16","vst_CPER_2014","D10","CPER","CPER_007","NEON.PLA.D10.CPER.00105",,,"small shrub","Live",2.2,10,,0.4,,,,1.3,0.6,"Open grown","oblate half-sphere",,,,,,,,,,,,,,,,,"legacyData"
"9e70c3ac-92ce-4ec0-9576-5e68534859b3","CPER_020.basePlot.vst","2014-09-18","vst_CPER_2014","D10","CPER","CPER_020","NEON.PLA.D10.CPER.00179",,,"small shrub","Live",1.1,10,,0.4,,,,0.7,0.5,"Open grown","half-sphere",,,,,,,,,,,,,,,,,"legacyData"
"d939c585-95f9-4b98-9f47-5d5fcf8b2b3e","CPER_020.basePlot.vst","2014-09-18","vst_CPER_2014","D10","CPER","CPER_020","NEON.PLA.D10.CPER.00136",,,"small shrub","Live",1.9,10,,0.3,,,,0.8,0.6,"Open grown","half-sphere",,,,,,,,,,,,,,,,,"legacyData"
"74061dc6-7ee9-4207-8a3c-9dc29b676493","CPER_020.basePlot.vst","2014-09-18","vst_CPER_2014","D10","CPER","CPER_020","NEON.PLA.D10.CPER.00130",,,"small shrub","Live",1.9,10,,0.5,,,,0.6,0.6,"Open grown","half-sphere",,,,,,,,,,,,,,,,,"legacyData"
"f249e489-9f40-4c1c-a7e2-3f38298965f6","CPER_020.basePlot.vst","2014-09-18","vst_CPER_2014","D10","CPER","CPER_020","NEON.PLA.D10.CPER.00124",,,"small shrub","Live",1.3,10,,0.3,,,,1.0,0.7,"Open grown","half-sphere",,,,,,,,,,,,,,,,,"legacyData"
"c6c8b632-c05d-427e-9cf0-a1ed322eebcf","CPER_020.basePlot.vst","2014-09-18","vst_CPER_2014","D10","CPER","CPER_020","NEON.PLA.D10.CPER.00189",,,"small shrub","Live",1.0,10,,0.4,,,,0.8,0.7,"Open grown","half-sphere",,,,,,,,,,,,,,,,,"legacyData"
"d3c2ff54-8a3e-4f22-80a8-9aa893581bac","CPER_020.basePlot.vst","2014-09-18","vst_CPER_2014","D10","CPER","CPER_020","NEON.PLA.D10.CPER.00137",,,"small shrub","Live",1.5,10,,0.4,,,,1.0,0.8,"Open grown","half-sphere",,,,,,,,,,,,,,,,,"legacyData"
"a468fbbf-f970-4517-9269-2c4aa216ca7c","CPER_001.basePlot.vst","2014-09-18","vst_CPER_2014","D10","CPER","CPER_001","NEON.PLA.D10.CPER.00108",,,"small shrub","Live",1.4,10,,0.6,,,,1.2,1.2,"Open grown","half-sphere",,,,,,,,,,,,,,,,,"legacyData"
"11be2ce2-bce1-4cee-aaaf-2524e84836ab","CPER_020.basePlot.vst","2014-09-18","vst_CPER_2014","D10","CPER","CPER_020","NEON.PLA.D10.CPER.00191",,,"small shrub","Live",1.6,10,,0.5,,,,1.0,0.9,"Open grown","half-sphere",,,,,,,,,,,,,,,,,"legacyData"
"5ae8f1e9-0f61-492a-98ea-e02b197f6526","CPER_020.basePlot.vst","2014-09-18","vst_CPER_2014","D10","CPER","CPER_020","NEON.PLA.D10.CPER.00141",,,"small shrub","Live",1.0,10,,0.5,,,,0.9,0.6,"Partially shaded","half-sphere",,,,,,,,,,,,,,,,,"legacyData"
"11ab936c-06ab-4186-ba86-22f2d3adde14","CPER_001.basePlot.vst","2014-09-18","vst_CPER_2014","D10","CPER","CPER_001","NEON.PLA.D10.CPER.00121",,,"small shrub","Live",1.1,10,,0.6,,,,1.4,1.0,"Open grown","half-sphere",,,,,,,,,,,,,,,,,"legacyData"
"6c8347ef-2c03-464f-b451-39dbcc827da2","CPER_001.basePlot.vst","2014-09-18","vst_CPER_2014","D10","CPER","CPER_001","NEON.PLA.D10.CPER.00118",,,"small shrub","Live,  other damage",1.3,10,,0.3,,,,0.4,0.4,"Open grown","half-sphere",,,,,,,,,,,,,,,,,"legacyData"
"df100455-6d61-4a81-8ab6-278556cb716f","CPER_020.basePlot.vst","2014-09-18","vst_CPER_2014","D10","CPER","CPER_020","NEON.PLA.D10.CPER.00181",,,"small shrub","Live",1.2,10,,0.4,,,,1.1,0.6,"Full sun","oblate half-sphere",,,,,,,,,,,,,,,,,"legacyData"
"03a1486d-4c39-4005-bead-bbf31c17148b","CPER_020.basePlot.vst","2014-09-18","vst_CPER_2014","D10","CPER","CPER_020","NEON.PLA.D10.CPER.00129",,,"small shrub","Live",1.1,10,,0.3,,,,1.0,0.6,"Open grown","half-sphere",,,,,,,,,,,,,,,,,"legacyData"
"791d8ceb-b5c0-40b8-813f-f8dfd43fc365","CPER_001.basePlot.vst","2014-09-18","vst_CPER_2014","D10","CPER","CPER_001","NEON.PLA.D10.CPER.00115",,,"small shrub","Live",2.4,10,,0.4,,,,1.1,0.7,"Open grown","oblate half-sphere",,,,,,,,,,,,,,,,,"legacyData"
"b7d74250-d6c0-4583-ba48-d55609334263","CPER_020.basePlot.vst","2014-09-18","vst_CPER_2014","D10","CPER","CPER_020","NEON.PLA.D10.CPER.00143",,,"small shrub","Live",1.6,10,,0.4,,,,1.2,0.8,"Open grown","half-sphere",,,,,,,,,,,,,,,,,"legacyData"
"1e88fc88-d06c-4bec-a103-afc847746e95","CPER_020.basePlot.vst","2014-09-18","vst_CPER_2014","D10","CPER","CPER_020","NEON.PLA.D10.CPER.00123",,,"small shrub","Live",1.3,10,,0.3,,,,0.6,0.4,"Open grown","half-sphere",,,,,,,,,,,,,,,,,"legacyData"
"f2458f57-4765-48f5-a9b9-a275014fd43e","CPER_020.basePlot.vst","2014-09-18","vst_CPER_2014","D10","CPER","CPER_020","NEON.PLA.D10.CPER.00132",,,"small shrub","Live",1.1,10,,0.3,,,,0.5,0.3,"Open grown","half-sphere",,,,,,,,,,,,,,,,,"legacyData"
"0b351bc3-cc75-4a9e-875a-079debcfae1b","CPER_020.basePlot.vst","2014-09-18","vst_CPER_2014","D10","CPER","CPER_020","NEON.PLA.D10.CPER.00182",,,"small shrub","Live",1.4,10,,0.4,,,,0.9,0.7,"Open grown","half-sphere",,,,,,,,,,,,,,,,,"legacyData"
"1fe58972-dbac-437c-972b-50f1d2e4fab7","CPER_020.basePlot.vst","2014-09-18","vst_CPER_2014","D10","CPER","CPER_020","NEON.PLA.D10.CPER.00133",,,"small shrub","Live",1.1,10,,0.2,,,,0.6,0.4,"Open grown","half-sphere",,,,,,,,,,,,,,,,,"legacyData"
"26d3ec0b-c4c7-43cf-81be-17856c7ea1ef","CPER_001.basePlot.vst","2014-09-18","vst_CPER_2014","D10","CPER","CPER_001","NEON.PLA.D10.CPER.00113",,,"small shrub","Live,  other damage",3.2,1,,0.3,,,,0.8,0.2,"Open grown","oblate half-sphere",,,,,,,,,,,,,,,,,"legacyData"
"8a4dc0e7-0a4c-4956-a459-4d35bf1fcdb4","CPER_020.basePlot.vst","2014-09-18","vst_CPER_2014","D10","CPER","CPER_020","NEON.PLA.D10.CPER.00190",,,"small shrub","Live",1.3,10,,0.4,,,,1.1,0.6,"Open grown","half-sphere",,,,,,,,,,,,,,,,,"legacyData"
"a8bc0565-d939-424e-90a2-5ca8c845a106","CPER_020.basePlot.vst","2014-09-18","vst_CPER_2014","D10","CPER","CPER_020","NEON.PLA.D10.CPER.00184",,,"small shrub","Live",1.1,10,,0.3,,,,0.6,0.5,"Open grown","half-sphere",,,,,,,,,,,,,,,,,"legacyData"
"ff4def4e-399d-4488-81a8-633d5da876f8","CPER_020.basePlot.vst","2014-09-18","vst_CPER_2014","D10","CPER","CPER_020","NEON.PLA.D10.CPER.00135",,,"small shrub","Live",1.0,10,,0.3,,,,1.2,0.7,"Open grown","oblate half-sphere",,,,,,,,,,,,,,,,,"legacyData"
"21c48598-c662-4cd5-bd48-1d9aad43dcdb","CPER_001.basePlot.vst","2014-09-18","vst_CPER_2014","D10","CPER","CPER_001","NEON.PLA.D10.CPER.00119",,,"small shrub","Live",1.2,10,,0.4,,,,0.8,0.7,"Open grown","half-sphere",,,,,,,,,,,,,,,,,"legacyData"
"17f074bb-3198-426e-93fd-576b30848cf0","CPER_020.basePlot.vst","2014-09-18","vst_CPER_2014","D10","CPER","CPER_020","NEON.PLA.D10.CPER.00134",,,"small shrub","Live",1.2,10,,0.3,,,,0.4,0.3,"Open grown","half-sphere",,,,,,,,,,,,,,,,,"legacyData"
"26124cb3-0b0d-45f7-8913-cb4acd7add24","CPER_020.basePlot.vst","2014-09-18","vst_CPER_2014","D10","CPER","CPER_020","NEON.PLA.D10.CPER.00131",,,"small shrub","Live",2.4,10,,0.3,,,,0.4,0.4,"Open grown","half-sphere",,,,,,,,,,,,,,,,,"legacyData"
"3291e5c3-d129-438e-89d7-780529103ef2","CPER_020.basePlot.vst","2014-09-18","vst_CPER_2014","D10","CPER","CPER_020","NEON.PLA.D10.CPER.00139",,,"small shrub","Live",1.5,10,,0.4,,,,1.5,1.2,"Open grown","half-sphere",,,,,,,,,,,,,,,,,"legacyData"
"a9f30048-2edd-4849-b2cf-a3ea19fe226b","CPER_001.basePlot.vst","2014-09-18","vst_CPER_2014","D10","CPER","CPER_001","NEON.PLA.D10.CPER.00107",,,"small shrub","Live",1.2,10,,0.6,,,,1.2,1.1,"Partially shaded","half-sphere",,,,,,,,,,,,,,,,,"legacyData"
"9c44bbde-36a3-4a36-87c7-84de7d9e84ff","CPER_020.basePlot.vst","2014-09-18","vst_CPER_2014","D10","CPER","CPER_020","NEON.PLA.D10.CPER.00183",,,"small shrub","Live",1.2,10,,0.4,,,,0.5,0.3,"Partially shaded","half-sphere",,,,,,,,,,,,,,,,,"legacyData"
"703be8c3-c656-4322-8ead-ef80608ab071","CPER_020.basePlot.vst","2014-09-18","vst_CPER_2014","D10","CPER","CPER_020","NEON.PLA.D10.CPER.00187",,,"small shrub","Live",1.0,10,,0.2,,,,0.5,0.5,"Open grown","half-sphere",,,,,,,,,,,,,,,,,"legacyData"
"eacc3680-d342-43df-a39a-3fdac1c01abb","CPER_001.basePlot.vst","2014-09-18","vst_CPER_2014","D10","CPER","CPER_001","NEON.PLA.D10.CPER.00110",,,"small shrub","Live",3.7,10,,0.4,,,,1.2,1.0,"Partially shaded","half-sphere",,,,,,,,,,,,,,,,,"legacyData"
"52d1f57a-d4e5-4b21-885f-1ac9b024f6e2","CPER_020.basePlot.vst","2014-09-18","vst_CPER_2014","D10","CPER","CPER_020","NEON.PLA.D10.CPER.00125",,,"small shrub","Live",1.7,10,,0.3,,,,0.4,0.4,"Partially shaded","half-sphere",,,,,,,,,,,,,,,,,"legacyData"
"3c647e75-c895-47e4-8364-7f362c19aa15","CPER_020.basePlot.vst","2014-09-18","vst_CPER_2014","D10","CPER","CPER_020","NEON.PLA.D10.CPER.00188",,,"small shrub","Live",2.1,10,,0.5,,,,1.0,0.9,"Full sun","half-sphere",,,,,,,,,,,,,,,,,"legacyData"
"2beb43c8-19d0-40c9-8c7c-a1c48ae407c7","CPER_001.basePlot.vst","2014-09-18","vst_CPER_2014","D10","CPER","CPER_001","NEON.PLA.D10.CPER.00120",,,"small shrub","Live",1.5,10,,0.6,,,,1.5,1.1,"Open grown","half-sphere",,,,,,,,,,,,,,,,,"legacyData"
"f4612f35-0a64-4017-a2fd-a4e630efd23f","CPER_001.basePlot.vst","2014-09-18","vst_CPER_2014","D10","CPER","CPER_001","NEON.PLA.D10.CPER.00117",,,"small shrub","Live",2.1,10,,0.5,,,,0.6,0.6,"Open grown","half-sphere",,,,,,,,,,,,,,,,,"legacyData"
"8a367fc7-dc35-4dab-9fc2-eabe4e95db4c","CPER_020.basePlot.vst","2014-09-18","vst_CPER_2014","D10","CPER","CPER_020","NEON.PLA.D10.CPER.00185",,,"small shrub","Live",1.2,10,,0.3,,,,0.7,0.5,"Partially shaded","half-sphere",,,,,,,,,,,,,,,,,"legacyData"
"d013c3c9-5d46-46f1-b734-75db713bd9b5","CPER_020.basePlot.vst","2014-09-18","vst_CPER_2014","D10","CPER","CPER_020","NEON.PLA.D10.CPER.00128",,,"small shrub","Live,  other damage",2.0,10,,0.3,,,,0.6,0.3,"Open grown","half-sphere",,,,,,,,,,,,,,,,,"legacyData"
"b659c226-a808-4b97-9936-51b2689aa85c","CPER_020.basePlot.vst","2014-09-18","vst_CPER_2014","D10","CPER","CPER_020","NEON.PLA.D10.CPER.00192",,,"small shrub","Live",1.7,10,,0.4,,,,0.8,0.8,"Open grown","half-sphere",,,,,,,,,,,,,,,,,"legacyData"
"474c77c7-f94d-4484-a5b1-996189742671","CPER_020.basePlot.vst","2014-09-18","vst_CPER_2014","D10","CPER","CPER_020","NEON.PLA.D10.CPER.00178",,,"small shrub","Live",1.2,10,,0.3,,,,0.6,0.3,"Open grown","half-sphere",,,,,,,,,,,,,,,,,"legacyData"
"6cdee9c5-942c-4da9-880f-4b5db6f222e5","CPER_020.basePlot.vst","2014-09-18","vst_CPER_2014","D10","CPER","CPER_020","NEON.PLA.D10.CPER.00194",,,"small shrub","Live",1.0,10,,0.2,,,,0.5,0.4,"Open grown","half-sphere",,,,,,,,,,,,,,,,,"legacyData"
"e0cf780c-c1f2-4188-aac4-8f143ece8f82","CPER_001.basePlot.vst","2014-09-18","vst_CPER_2014","D10","CPER","CPER_001","NEON.PLA.D10.CPER.00109",,,"small shrub","Live,  other damage",2.6,10,,0.4,,,,0.6,0.5,"Open grown","half-sphere",,,,,,,,,,,,,,,,,"legacyData"
"2a2a10ae-97b1-4943-968f-2251e6ac7d58","CPER_020.basePlot.vst","2014-09-18","vst_CPER_2014","D10","CPER","CPER_020","NEON.PLA.D10.CPER.00186",,,"small shrub","Live",1.2,10,,0.4,,,,0.8,0.6,"Open grown","half-sphere",,,,,,,,,,,,,,,,,"legacyData"
"b41bc2e1-d1c9-4ee3-a344-12aa879f0433","CPER_001.basePlot.vst","2014-09-18","vst_CPER_2014","D10","CPER","CPER_001","NEON.PLA.D10.CPER.00122",,,"small shrub","Live",1.9,10,,0.5,,,,0.9,0.9,"Open grown","half-sphere",,,,,,,,,,,,,,,,,"legacyData"
"7f1c2fde-13be-43c8-a969-bc021c48f22b","CPER_001.basePlot.vst","2014-09-18","vst_CPER_2014","D10","CPER","CPER_001","NEON.PLA.D10.CPER.00111",,,"small shrub","Live",2.7,10,,0.7,,,,1.2,1.0,"Partially shaded","half-sphere",,,,,,,,,,,,,,,,,"legacyData"
"b2799d7d-cd26-4625-9dda-15b2ef2da897","CPER_001.basePlot.vst","2014-09-18","vst_CPER_2014","D10","CPER","CPER_001","NEON.PLA.D10.CPER.00114",,,"small shrub","Live,  other damage",2.5,10,,0.4,,,,0.6,0.5,"Open grown","half-sphere",,,,,,,,,,,,,,,,,"legacyData"
"3ecfa163-88c5-4266-8131-c52699a10e33","CPER_020.basePlot.vst","2014-09-18","vst_CPER_2014","D10","CPER","CPER_020","NEON.PLA.D10.CPER.00140",,,"small shrub","Live",1.3,10,,0.4,,,,1.0,0.5,"Open grown","half-sphere",,,,,,,,,,,,,,,,,"legacyData"
"dcb2b9e7-86e5-412c-b3ac-a821be4fa4b8","CPER_020.basePlot.vst","2014-09-18","vst_CPER_2014","D10","CPER","CPER_020","NEON.PLA.D10.CPER.00126",,,"small shrub","Live",1.4,10,,0.3,,,,0.7,0.4,"Partially shaded","half-sphere",,,,,,,,,,,,,,,,,"legacyData"
"cbb91f1a-2952-4279-a8e2-8b50668299cf","CPER_020.basePlot.vst","2014-09-18","vst_CPER_2014","D10","CPER","CPER_020","NEON.PLA.D10.CPER.00142",,,"small shrub","Live",1.1,10,,0.3,,,,0.5,0.4,"Partially shaded","half-sphere",,,,,,,,,,,,,,,,,"legacyData"
"a01f5a3c-921b-409b-ad7e-8a29cf2294ee","CPER_020.basePlot.vst","2014-09-18","vst_CPER_2014","D10","CPER","CPER_020","NEON.PLA.D10.CPER.00180",,,"small shrub","Live",1.8,10,,0.4,,,,0.9,0.7,"Open grown","half-sphere",,,,,,,,,,,,,,,,,"legacyData"
"35daae54-d8bb-4c4a-863e-12d6f224554e","CPER_020.basePlot.vst","2014-09-18","vst_CPER_2014","D10","CPER","CPER_020","NEON.PLA.D10.CPER.00193",,,"small shrub","Live",1.0,10,,0.4,,,,0.7,0.5,"Open grown","half-sphere",,,,,,,,,,,,,,,,,"legacyData"
"b61ae0ff-efc5-48f1-9370-eb561dff2727","CPER_020.basePlot.vst","2014-09-18","vst_CPER_2014","D10","CPER","CPER_020","NEON.PLA.D10.CPER.00127",,,"small shrub","Live",1.4,10,,0.5,,,,0.8,0.8,"Open grown","half-sphere",,,,,,,,,,,,,,,,,"legacyData"
"c6d8bd69-13f3-4a25-8d03-ee8eeee161ba","CPER_001.basePlot.vst","2014-09-18","vst_CPER_2014","D10","CPER","CPER_001","NEON.PLA.D10.CPER.00116",,,"small shrub","Live",2.3,10,,0.4,,,,0.7,0.5,"Open grown","half-sphere",,,,,,,,,,,,,,,,,"legacyData"
"e5670b22-3baa-4041-a301-f6eeda283447","CPER_001.basePlot.vst","2014-09-18","vst_CPER_2014","D10","CPER","CPER_001","NEON.PLA.D10.CPER.00112",,,"small shrub","Live",1.6,10,,0.5,,,,1.0,0.5,"Partially shaded","oblate half-sphere",,,,,,,,,,,,,,,,,"legacyData"
"7fd47bbd-1cd5-49e9-9a1d-2ad54f3f3ca2","CPER_020.basePlot.vst","2014-09-18","vst_CPER_2014","D10","CPER","CPER_020","NEON.PLA.D10.CPER.00138",,,"small shrub","Live",1.4,10,,0.4,,,,0.7,0.5,"Open grown","half-sphere",,,,,,,,,,,,,,,,,"legacyData"
"b774d329-a5a9-402d-94b0-cb797f080733","CPER_061.basePlot.vst","2014-09-29","vst_CPER_2014","D10","CPER","CPER_061","NEON.PLA.D10.CPER.00144",,,"small shrub","Live",1.5,10,,0.2,,,,0.3,0.2,"Open grown","half-sphere",,,,,,,,,,,,,,,,,"legacyData"
