uid,namedLocation,date,eventID,domainID,siteID,plotID,subplotID,nestedSubplotID,tagID,individualID,tagStatus,taxonID,scientificName,taxonRank,identificationReferences,identificationQualifier,morphospeciesID,growthForm,shape,plantStatus,leafNumber,meanLeafLength,meanPetioleLength,meanBladeLength,basalStemDiameter,meanBasalDiameter,stemDiameter,stemLength,measurementHeight,maxCrownDiameter,ninetyCrownDiameter,height,baseCrownHeight,maxBaseCrownDiameter,ninetyBaseCrownDiameter,canopyPosition,oldPadCount,newPadCount,stemCount,branchCount,meanBranchLength,remarks,measuredBy,recordedBy,dataEntryRecordID
"6a9f6d76-f02d-483c-9fba-312a62e62062","CPER_046.basePlot.vst","2015-09-28","vst_CPER_2015","D10","CPER","CPER_046","41","4",,"TEMP.PLA.CPER.2015.46166",,"OPPO","Opuntia polyacantha Haw.","species",,,,"cactus",,,,,,,,,,,,,,,,,,,17,0,,,,,"dbradley@field-ops.org","mbitters@field-ops.org",
"7c7cec07-d39d-47a8-9e0f-1536c302de44","CPER_066.basePlot.vst","2015-09-28","vst_CPER_2015","D10","CPER","CPER_066","40","3",,"TEMP.PLA.CPER.2015.66155",,"OPPO","Opuntia polyacantha Haw.","species",,,,"cactus",,,,,,,,,,,,,,,,,,,41,1,,,,,"kbarrett@field-ops.org","jrappaport@field-ops.org",
"79497f98-a57c-46e8-ad3c-026cea271601","CPER_070.basePlot.vst","2015-09-28","vst_CPER_2015","D10","CPER","CPER_070","32",,,"TEMP.PLA.CPER.2015.70156",,"OPPO","Opuntia polyacantha Haw.","species",,,,"cactus",,,,,,,,,,,,,,,,,,,49,0,,,,,"dbradley@field-ops.org","mbitters@field-ops.org",
"e6b5ca94-e224-4e11-a793-3e53fc9a1971","CPER_070.basePlot.vst","2015-09-28","vst_CPER_2015","D10","CPER","CPER_070","40",,,"TEMP.PLA.CPER.2015.70157",,"OPPO","Opuntia polyacantha Haw.","species",,,,"cactus",,,,,,,,,,,,,,,,,,,322,0,,,,,"dbradley@field-ops.org","mbitters@field-ops.org",
"80988701-727b-4115-afd1-4214e2a8e367","CPER_066.basePlot.vst","2015-09-28","vst_CPER_2015","D10","CPER","CPER_066","41","1",,"TEMP.PLA.CPER.2015.66159",,"OPPO","Opuntia polyacantha Haw.","species",,,,"cactus",,,,,,,,,,,,,,,,,,,89,0,,,,,"kbarrett@field-ops.org","jrappaport@field-ops.org",
"4f8ed718-e0d2-4eb0-9698-cbdef2b90c0e","CPER_066.basePlot.vst","2015-09-28","vst_CPER_2015","D10","CPER","CPER_066","41","4",,"TEMP.PLA.CPER.2015.66160",,"OPPO","Opuntia polyacantha Haw.","species",,,,"cactus",,,,,,,,,,,,,,,,,,,51,0,,,,,"kbarrett@field-ops.org","jrappaport@field-ops.org",
"e1c91164-40c4-4147-ba11-041df565e34b","CPER_070.basePlot.vst","2015-09-28","vst_CPER_2015","D10","CPER","CPER_070","31",,,"TEMP.PLA.CPER.2015.70155",,"OPPO","Opuntia polyacantha Haw.","species",,,,"cactus",,,,,,,,,,,,,,,,,,,82,0,,,,,"dbradley@field-ops.org","mbitters@field-ops.org",
"e6eac3d1-64c1-4f78-b34f-b959e08333c0","CPER_070.basePlot.vst","2015-09-28","vst_CPER_2015","D10","CPER","CPER_070","41",,,"TEMP.PLA.CPER.2015.70158",,"OPPO","Opuntia polyacantha Haw.","species",,,,"cactus",,,,,,,,,,,,,,,,,,,284,0,,,,,"dbradley@field-ops.org","mbitters@field-ops.org",
"cacd789d-77c5-4100-8f0e-b99643bc5f15","CPER_059.basePlot.vst","2015-09-28","vst_CPER_2015","D10","CPER","CPER_059","32",,,"TEMP.PLA.CPER.2015.59156",,"OPPO","Opuntia polyacantha Haw.","species",,,,"cactus",,,,,,,,,,,,,,,,,,,294,0,,,,,"kbarrett@field-ops.org","jrappaport@field-ops.org",
"5c86590f-8e06-4194-a284-48f4a57dfae3","CPER_062.basePlot.vst","2015-09-28","vst_CPER_2015","D10","CPER","CPER_062","32","4",,"TEMP.PLA.CPER.2015.62163",,"OPPO","Opuntia polyacantha Haw.","species",,,,"cactus",,,,,,,,,,,,,,,,,,,93,0,,,,,"dbradley@field-ops.org","mbitters@field-ops.org",
"f206cf75-a6c4-4978-b9e2-bbe596b83c61","CPER_061.basePlot.vst","2015-09-28","vst_CPER_2015","D10","CPER","CPER_061","41","1",,"TEMP.PLA.CPER.2015.61165",,"OPPO","Opuntia polyacantha Haw.","species",,,,"cactus",,,,,,,,,,,,,,,,,,,50,0,,,,,"kbarrett@field-ops.org","jrappaport@field-ops.org",
"f061c687-a135-4d41-9221-1aadb31c943b","CPER_059.basePlot.vst","2015-09-28","vst_CPER_2015","D10","CPER","CPER_059","40",,,"TEMP.PLA.CPER.2015.59157",,"OPPO","Opuntia polyacantha Haw.","species",,,,"cactus",,,,,,,,,,,,,,,,,,,1044,0,,,,,"kbarrett@field-ops.org","jrappaport@field-ops.org",
"99b9f5ad-4b61-4129-9b41-db9dc4719261","CPER_061.basePlot.vst","2015-09-28","vst_CPER_2015","D10","CPER","CPER_061","31","4",,"TEMP.PLA.CPER.2015.61160",,"OPPO","Opuntia polyacantha Haw.","species",,,,"cactus",,,,,,,,,,,,,,,,,,,52,0,,,,,"kbarrett@field-ops.org","jrappaport@field-ops.org",
"367e4989-649e-4ff4-a3d5-f9853b072c01","CPER_064.basePlot.vst","2015-09-28","vst_CPER_2015","D10","CPER","CPER_064","41",,,"TEMP.PLA.CPER.2015.64158",,"OPPO","Opuntia polyacantha Haw.","species",,,,"cactus",,,,,,,,,,,,,,,,,,,357,9,,,,,"jjensen@field-ops.org","jjensen@field-ops.org",
"298bbcd2-46ab-4c71-8b65-e2adf1b61fc4","CPER_066.basePlot.vst","2015-09-28","vst_CPER_2015","D10","CPER","CPER_066","32","2",,"TEMP.PLA.CPER.2015.66163",,"OPPO","Opuntia polyacantha Haw.","species",,,,"cactus",,,,,,,,,,,,,,,,,,,19,0,,,,,"kbarrett@field-ops.org","jrappaport@field-ops.org",
"8f7c6de8-2947-4dbe-904d-b05a921e5c3b","CPER_064.basePlot.vst","2015-09-28","vst_CPER_2015","D10","CPER","CPER_064","40",,,"TEMP.PLA.CPER.2015.64157",,"OPPO","Opuntia polyacantha Haw.","species",,,,"cactus",,,,,,,,,,,,,,,,,,,461,12,,,,,"jjensen@field-ops.org","jjensen@field-ops.org",
"912a96fe-4367-4582-bdff-0dccfc8b6175","CPER_061.basePlot.vst","2015-09-28","vst_CPER_2015","D10","CPER","CPER_061","40","1",,"TEMP.PLA.CPER.2015.61163",,"OPPO","Opuntia polyacantha Haw.","species",,,,"cactus",,,,,,,,,,,,,,,,,,,183,0,,,,,"kbarrett@field-ops.org","jrappaport@field-ops.org",
"6eeb109d-b751-4e2e-ba27-822d4d134459","CPER_062.basePlot.vst","2015-09-28","vst_CPER_2015","D10","CPER","CPER_062","32","2",,"TEMP.PLA.CPER.2015.62162",,"OPPO","Opuntia polyacantha Haw.","species",,,,"cactus",,,,,,,,,,,,,,,,,,,77,0,,,,,"dbradley@field-ops.org","mbitters@field-ops.org",
"35ea42f8-4a0a-4b0b-9bd7-93b41b1f45ed","CPER_061.basePlot.vst","2015-09-28","vst_CPER_2015","D10","CPER","CPER_061","32","4",,"TEMP.PLA.CPER.2015.61162",,"OPPO","Opuntia polyacantha Haw.","species",,,,"cactus",,,,,,,,,,,,,,,,,,,68,0,,,,,"kbarrett@field-ops.org","jrappaport@field-ops.org",
"bbb9d192-1636-49f3-a4da-a6ab339ef88b","CPER_059.basePlot.vst","2015-09-28","vst_CPER_2015","D10","CPER","CPER_059","41",,,"TEMP.PLA.CPER.2015.59158",,"OPPO","Opuntia polyacantha Haw.","species",,,,"cactus",,,,,,,,,,,,,,,,,,,404,0,,,,,"kbarrett@field-ops.org","jrappaport@field-ops.org",
"a9a932dd-0158-42b9-9333-d7d9a76ae576","CPER_064.basePlot.vst","2015-09-28","vst_CPER_2015","D10","CPER","CPER_064","32",,,"TEMP.PLA.CPER.2015.64156",,"OPPO","Opuntia polyacantha Haw.","species",,,,"cactus",,,,,,,,,,,,,,,,,,,296,9,,,,,"jjensen@field-ops.org","jjensen@field-ops.org",
"9523466f-9538-4bee-8133-822f1d74ae8b","CPER_061.basePlot.vst","2015-09-28","vst_CPER_2015","D10","CPER","CPER_061","40","3",,"TEMP.PLA.CPER.2015.61164",,"OPPO","Opuntia polyacantha Haw.","species",,,,"cactus",,,,,,,,,,,,,,,,,,,164,0,,,,,"kbarrett@field-ops.org","jrappaport@field-ops.org",
"12ee05de-417b-437c-91d2-be6cf5a64cd4","CPER_062.basePlot.vst","2015-09-28","vst_CPER_2015","D10","CPER","CPER_062","31","4",,"TEMP.PLA.CPER.2015.62161",,"OPPO","Opuntia polyacantha Haw.","species",,,,"cactus",,,,,,,,,,,,,,,,,,,251,0,,,,,"dbradley@field-ops.org","mbitters@field-ops.org",
"2cf6aa83-e3e3-4c50-9aa7-8433ad86f786","CPER_062.basePlot.vst","2015-09-28","vst_CPER_2015","D10","CPER","CPER_062","40","3",,"TEMP.PLA.CPER.2015.62165",,"OPPO","Opuntia polyacantha Haw.","species",,,,"cactus",,,,,,,,,,,,,,,,,,,184,0,,,,,"dbradley@field-ops.org","mbitters@field-ops.org",
"230a6311-75f6-4194-b61d-a1ba32687fbd","CPER_061.basePlot.vst","2015-09-28","vst_CPER_2015","D10","CPER","CPER_061","31","1",,"TEMP.PLA.CPER.2015.61159",,"OPPO","Opuntia polyacantha Haw.","species",,,,"cactus",,,,,,,,,,,,,,,,,,,49,0,,,,,"kbarrett@field-ops.org","jrappaport@field-ops.org",
"5f5dd357-05db-467e-9617-77ecca15ca6a","CPER_066.basePlot.vst","2015-09-28","vst_CPER_2015","D10","CPER","CPER_066","32","4",,"TEMP.PLA.CPER.2015.66164",,"OPPO","Opuntia polyacantha Haw.","species",,,,"cactus",,,,,,,,,,,,,,,,,,,31,2,,,,,"kbarrett@field-ops.org","jrappaport@field-ops.org",
"8a307e23-da37-40a8-b87e-5da6f130fadd","CPER_066.basePlot.vst","2015-09-28","vst_CPER_2015","D10","CPER","CPER_066","40","3",,"TEMP.PLA.CPER.2015.66166",,"OPPO","Opuntia polyacantha Haw.","species",,,,"cactus",,,,,,,,,,,,,,,,,,,41,1,,,,,"kbarrett@field-ops.org","jrappaport@field-ops.org",
"a8b5ed5f-6f72-4142-a4de-a56596e292ff","CPER_061.basePlot.vst","2015-09-28","vst_CPER_2015","D10","CPER","CPER_061","32","2",,"TEMP.PLA.CPER.2015.61161",,"OPPO","Opuntia polyacantha Haw.","species",,,,"cactus",,,,,,,,,,,,,,,,,,,34,0,,,,,"kbarrett@field-ops.org","jrappaport@field-ops.org",
"244b1b20-cd4a-4b3a-a861-7b5decff6677","CPER_066.basePlot.vst","2015-09-28","vst_CPER_2015","D10","CPER","CPER_066","31","1",,"TEMP.PLA.CPER.2015.66161",,"OPPO","Opuntia polyacantha Haw.","species",,,,"cactus",,,,,,,,,,,,,,,,,,,108,0,,,,,"kbarrett@field-ops.org","jrappaport@field-ops.org",
"0d6c57f2-3018-409f-9b33-90ecb0d764f2","CPER_062.basePlot.vst","2015-09-28","vst_CPER_2015","D10","CPER","CPER_062","41","4",,"TEMP.PLA.CPER.2015.62159",,"OPPO","Opuntia polyacantha Haw.","species",,,,"cactus",,,,,,,,,,,,,,,,,,,66,1,,,,,"dbradley@field-ops.org","mbitters@field-ops.org",
"012aba25-87ec-4033-ba57-0f8a730d3e96","CPER_061.basePlot.vst","2015-09-28","vst_CPER_2015","D10","CPER","CPER_061","41","4",,"TEMP.PLA.CPER.2015.61166",,"OPPO","Opuntia polyacantha Haw.","species",,,,"cactus",,,,,,,,,,,,,,,,,,,81,0,,,,,"kbarrett@field-ops.org","jrappaport@field-ops.org",
"c7927578-1b6b-4773-a8a2-74b594ed1259","CPER_062.basePlot.vst","2015-09-28","vst_CPER_2015","D10","CPER","CPER_062","41","1",,"TEMP.PLA.CPER.2015.62166",,"OPPO","Opuntia polyacantha Haw.","species",,,,"cactus",,,,,,,,,,,,,,,,,,,101,2,,,,,"dbradley@field-ops.org","mbitters@field-ops.org",
"37fd9886-926e-4f37-b63e-5e495d8b4e32","CPER_062.basePlot.vst","2015-09-28","vst_CPER_2015","D10","CPER","CPER_062","31","1",,"TEMP.PLA.CPER.2015.62160",,"OPPO","Opuntia polyacantha Haw.","species",,,,"cactus",,,,,,,,,,,,,,,,,,,143,0,,,,,"dbradley@field-ops.org","mbitters@field-ops.org",
"eff2d0d6-5e73-4154-9641-c8d316b74faa","CPER_066.basePlot.vst","2015-09-28","vst_CPER_2015","D10","CPER","CPER_066","31","4",,"TEMP.PLA.CPER.2015.66162",,"OPPO","Opuntia polyacantha Haw.","species",,,,"cactus",,,,,,,,,,,,,,,,,,,82,0,,,,,"kbarrett@field-ops.org","jrappaport@field-ops.org",
"4276bdcc-d40b-449b-8346-87bbc3a877cd","CPER_066.basePlot.vst","2015-09-28","vst_CPER_2015","D10","CPER","CPER_066","40","1",,"TEMP.PLA.CPER.2015.66165",,"OPPO","Opuntia polyacantha Haw.","species",,,,"cactus",,,,,,,,,,,,,,,,,,,32,0,,,,,"kbarrett@field-ops.org","jrappaport@field-ops.org",
"73a9884f-a3a8-4a55-ae52-503103f01cc5","CPER_064.basePlot.vst","2015-09-28","vst_CPER_2015","D10","CPER","CPER_064","31",,,"TEMP.PLA.CPER.2015.64155",,"OPPO","Opuntia polyacantha Haw.","species",,,,"cactus",,,,,,,,,,,,,,,,,,,295,12,,,,,"jjensen@field-ops.org","jjensen@field-ops.org",
"9af8d0c5-898f-46e5-aa67-b1a3e6203ab6","CPER_062.basePlot.vst","2015-09-28","vst_CPER_2015","D10","CPER","CPER_062","40","1",,"TEMP.PLA.CPER.2015.62164",,"OPPO","Opuntia polyacantha Haw.","species",,,,"cactus",,,,,,,,,,,,,,,,,,,42,0,,,,,"dbradley@field-ops.org","mbitters@field-ops.org",
"3687e224-2d2b-4a9f-873f-8515b574fd7a","CPER_059.basePlot.vst","2015-09-28","vst_CPER_2015","D10","CPER","CPER_059","31",,,"TEMP.PLA.CPER.2015.59155",,"OPPO","Opuntia polyacantha Haw.","species",,,,"cactus",,,,,,,,,,,,,,,,,,,378,0,,,,,"kbarrett@field-ops.org","jrappaport@field-ops.org",
"37e35a19-7aef-429c-87be-ac483b708d9e","CPER_056.basePlot.vst","2015-09-28","vst_CPER_2015","D10","CPER","CPER_056","40",,,"TEMP.PLA.CPER.2015.56157",,"OPPO","Opuntia polyacantha Haw.","species",,,,"cactus",,,,,,,,,,,,,,,,,,,190,7,,,,,"kbarrett@field-ops.org","jrappaport@field-ops.org",
"73ae903b-9529-448c-b482-c4c950ef5ab1","CPER_054.basePlot.vst","2015-09-28","vst_CPER_2015","D10","CPER","CPER_054","31","1",,"TEMP.PLA.CPER.2015.54159",,"OPPO","Opuntia polyacantha Haw.","species",,,,"cactus",,,,,,,,,,,,,,,,,,,19,4,,,,,"jjensen@field-ops.org","jjensen@field-ops.org",
"00ce2015-11cf-47e6-9036-c186fe277434","CPER_057.basePlot.vst","2015-09-28","vst_CPER_2015","D10","CPER","CPER_057","31","4",,"TEMP.PLA.CPER.2015.57160",,"OPPO","Opuntia polyacantha Haw.","species",,,,"cactus",,,,,,,,,,,,,,,,,,,13,0,,,,,"dbradley@field-ops.org","mbitters@field-ops.org",
"bd095788-ea24-4ad0-9413-4e9d28929c66","CPER_054.basePlot.vst","2015-09-28","vst_CPER_2015","D10","CPER","CPER_054","41","4",,"TEMP.PLA.CPER.2015.54164",,"OPPO","Opuntia polyacantha Haw.","species",,,,"cactus",,,,,,,,,,,,,,,,,,,16,1,,,,,"jjensen@field-ops.org","jjensen@field-ops.org",
"b60d5426-5c52-43be-b9af-6f7bfbacc324","CPER_054.basePlot.vst","2015-09-28","vst_CPER_2015","D10","CPER","CPER_054","41","1",,"TEMP.PLA.CPER.2015.54161",,"OPPO","Opuntia polyacantha Haw.","species",,,,"cactus",,,,,,,,,,,,,,,,,,,7,1,,,,,"jjensen@field-ops.org","jjensen@field-ops.org",
"c392558a-e22f-4ebc-b377-d6de810bc2b9","CPER_057.basePlot.vst","2015-09-28","vst_CPER_2015","D10","CPER","CPER_057","32","4",,"TEMP.PLA.CPER.2015.57162",,"OPPO","Opuntia polyacantha Haw.","species",,,,"cactus",,,,,,,,,,,,,,,,,,,,0,,,,,"dbradley@field-ops.org","mbitters@field-ops.org",
"abe1d290-8007-4703-8ea2-b6ecdbe7a94b","CPER_057.basePlot.vst","2015-09-28","vst_CPER_2015","D10","CPER","CPER_057","41","4",,"TEMP.PLA.CPER.2015.57166",,"OPPO","Opuntia polyacantha Haw.","species",,,,"cactus",,,,,,,,,,,,,,,,,,,39,0,,,,,"dbradley@field-ops.org","mbitters@field-ops.org",
"a42cb4cb-017f-4906-a3ad-3e69a1245638","CPER_056.basePlot.vst","2015-09-28","vst_CPER_2015","D10","CPER","CPER_056","32",,,"TEMP.PLA.CPER.2015.56156",,"OPPO","Opuntia polyacantha Haw.","species",,,,"cactus",,,,,,,,,,,,,,,,,,,98,0,,,,,"kbarrett@field-ops.org","jrappaport@field-ops.org",
"a6ead6c6-330f-4d2d-942c-e36dde563b2e","CPER_054.basePlot.vst","2015-09-28","vst_CPER_2015","D10","CPER","CPER_054","32","2",,"TEMP.PLA.CPER.2015.54166",,"OPPO","Opuntia polyacantha Haw.","species",,,,"cactus",,,,,,,,,,,,,,,,,,,26,1,,,,,"jjensen@field-ops.org","jjensen@field-ops.org",
"678ee917-13ba-489f-b514-91077dfad9c5","CPER_057.basePlot.vst","2015-09-28","vst_CPER_2015","D10","CPER","CPER_057","31","1",,"TEMP.PLA.CPER.2015.57159",,"OPPO","Opuntia polyacantha Haw.","species",,,,"cactus",,,,,,,,,,,,,,,,,,,205,0,,,,,"dbradley@field-ops.org","mbitters@field-ops.org",
"9f52319e-e250-488b-ac03-3491ebf10a27","CPER_056.basePlot.vst","2015-09-28","vst_CPER_2015","D10","CPER","CPER_056","41",,,"TEMP.PLA.CPER.2015.56158",,"OPPO","Opuntia polyacantha Haw.","species",,,,"cactus",,,,,,,,,,,,,,,,,,,73,0,,,,,"kbarrett@field-ops.org","jrappaport@field-ops.org",
"1a063cd1-cf7e-445d-814e-9736e3d0c678","CPER_056.basePlot.vst","2015-09-28","vst_CPER_2015","D10","CPER","CPER_056","31",,,"TEMP.PLA.CPER.2015.56155",,"OPPO","Opuntia polyacantha Haw.","species",,,,"cactus",,,,,,,,,,,,,,,,,,,95,0,,,,,"kbarrett@field-ops.org","jrappaport@field-ops.org",
"dc9a6d47-0128-4204-9bf3-a6f77cf14eba","CPER_054.basePlot.vst","2015-09-28","vst_CPER_2015","D10","CPER","CPER_054","40","1",,"TEMP.PLA.CPER.2015.54162",,"OPPO","Opuntia polyacantha Haw.","species",,,,"cactus",,,,,,,,,,,,,,,,,,,235,24,,,,,"jjensen@field-ops.org","jjensen@field-ops.org",
"c96b9a04-96c5-40ec-b2c3-ff9e2b1d6004","CPER_057.basePlot.vst","2015-09-28","vst_CPER_2015","D10","CPER","CPER_057","40","3",,"TEMP.PLA.CPER.2015.57164",,"OPPO","Opuntia polyacantha Haw.","species",,,,"cactus",,,,,,,,,,,,,,,,,,,14,0,,,,,"dbradley@field-ops.org","mbitters@field-ops.org",
"aa8df1f6-471d-417c-8b2f-67c80e5f581d","CPER_057.basePlot.vst","2015-09-28","vst_CPER_2015","D10","CPER","CPER_057","41","1",,"TEMP.PLA.CPER.2015.57165",,"OPPO","Opuntia polyacantha Haw.","species",,,,"cactus",,,,,,,,,,,,,,,,,,,7,0,,,,,"dbradley@field-ops.org","mbitters@field-ops.org",
"3d168738-09b9-46f0-bd99-068afa7cdca5","CPER_054.basePlot.vst","2015-09-28","vst_CPER_2015","D10","CPER","CPER_054","32","4",,"TEMP.PLA.CPER.2015.54165",,"OPPO","Opuntia polyacantha Haw.","species",,,,"cactus",,,,,,,,,,,,,,,,,,,17,3,,,,,"jjensen@field-ops.org","jjensen@field-ops.org",
"f67e482e-4fdf-4e51-9deb-9ec575cb13a3","CPER_057.basePlot.vst","2015-09-28","vst_CPER_2015","D10","CPER","CPER_057","40","1",,"TEMP.PLA.CPER.2015.57163",,"OPPO","Opuntia polyacantha Haw.","species",,,,"cactus",,,,,,,,,,,,,,,,,,,37,0,,,,,"dbradley@field-ops.org","mbitters@field-ops.org",
"8216be4f-9a32-4715-93bf-c74930f7025d","CPER_054.basePlot.vst","2015-09-28","vst_CPER_2015","D10","CPER","CPER_054","31","4",,"TEMP.PLA.CPER.2015.54160",,"OPPO","Opuntia polyacantha Haw.","species",,,,"cactus",,,,,,,,,,,,,,,,,,,38,2,,,,,"jjensen@field-ops.org","jjensen@field-ops.org",
"9aaa4e86-6457-4559-8d25-38789f181d72","CPER_057.basePlot.vst","2015-09-28","vst_CPER_2015","D10","CPER","CPER_057","32","2",,"TEMP.PLA.CPER.2015.57161",,"OPPO","Opuntia polyacantha Haw.","species",,,,"cactus",,,,,,,,,,,,,,,,,,,23,0,,,,,"dbradley@field-ops.org","mbitters@field-ops.org",
"582a9b52-a8e4-4ef4-86f7-1d1a02eaabba","CPER_054.basePlot.vst","2015-09-28","vst_CPER_2015","D10","CPER","CPER_054","40","3",,"TEMP.PLA.CPER.2015.54163",,"OPPO","Opuntia polyacantha Haw.","species",,,,"cactus",,,,,,,,,,,,,,,,,,,57,2,,,,,"jjensen@field-ops.org","jjensen@field-ops.org",
"dfd6bd10-01d2-47d0-a8a2-adf24f33a1bc","CPER_046.basePlot.vst","2015-09-28","vst_CPER_2015","D10","CPER","CPER_046","40","3",,"TEMP.PLA.CPER.2015.46164",,"OPPO","Opuntia polyacantha Haw.","species",,,,"cactus",,,,,,,,,,,,,,,,,,,105,4,,,,,"dbradley@field-ops.org","mbitters@field-ops.org",
"f77283af-fc52-4ff6-9f39-814e685be240","CPER_048.basePlot.vst","2015-09-28","vst_CPER_2015","D10","CPER","CPER_048","31","1",,"TEMP.PLA.CPER.2015.48164",,"OPPO","Opuntia polyacantha Haw.","species",,,,"cactus",,,,,,,,,,,,,,,,,,,149,17,,,,,"jjensen@field-ops.org","jjensen@field-ops.org",
"b3016c32-a68c-4be9-911a-96195d3b4a92","CPER_049.basePlot.vst","2015-09-28","vst_CPER_2015","D10","CPER","CPER_049","31",,,"TEMP.PLA.CPER.2015.49155",,"OPPO","Opuntia polyacantha Haw.","species",,,,"cactus",,,,,,,,,,,,,,,,,,,343,0,,,,,"dbradley@field-ops.org","mbitters@field-ops.org",
"9d98ff16-97e6-4f4e-9c1d-ae8f85be2fc1","CPER_048.basePlot.vst","2015-09-28","vst_CPER_2015","D10","CPER","CPER_048","32","4",,"TEMP.PLA.CPER.2015.48162",,"OPPO","Opuntia polyacantha Haw.","species",,,,"cactus",,,,,,,,,,,,,,,,,,,113,16,,,,,"jjensen@field-ops.org","jjensen@field-ops.org",
"4026ae6e-8c7f-4e81-833b-2d639fb58a0a","CPER_046.basePlot.vst","2015-09-28","vst_CPER_2015","D10","CPER","CPER_046","32","4",,"TEMP.PLA.CPER.2015.46162",,"OPPO","Opuntia polyacantha Haw.","species",,,,"cactus",,,,,,,,,,,,,,,,,,,57,4,,,,,"dbradley@field-ops.org","mbitters@field-ops.org",
"fc481d6a-63e8-49bb-8f30-6293b72f6283","CPER_048.basePlot.vst","2015-09-28","vst_CPER_2015","D10","CPER","CPER_048","40","3",,"TEMP.PLA.CPER.2015.48160",,"OPPO","Opuntia polyacantha Haw.","species",,,,"cactus",,,,,,,,,,,,,,,,,,,29,3,,,,,"jjensen@field-ops.org","jjensen@field-ops.org",
"473ad6d4-d831-47d3-960c-946b6924518f","CPER_048.basePlot.vst","2015-09-28","vst_CPER_2015","D10","CPER","CPER_048","41","1",,"TEMP.PLA.CPER.2015.48166",,"OPPO","Opuntia polyacantha Haw.","species",,,,"cactus",,,,,,,,,,,,,,,,,,,52,2,,,,,"jjensen@field-ops.org","jjensen@field-ops.org",
"c0b57eac-bd6a-4843-b7a1-8f2a79e5f38b","CPER_046.basePlot.vst","2015-09-28","vst_CPER_2015","D10","CPER","CPER_046","41","1",,"TEMP.PLA.CPER.2015.46165",,"OPPO","Opuntia polyacantha Haw.","species",,,,"cactus",,,,,,,,,,,,,,,,,,,54,0,,,,,"dbradley@field-ops.org","mbitters@field-ops.org",
"d79705e6-229e-4264-99a5-5b7331970384","CPER_045.basePlot.vst","2015-09-28","vst_CPER_2015","D10","CPER","CPER_045","32",,,"TEMP.PLA.CPER.2015.45156",,"OPPO","Opuntia polyacantha Haw.","species",,,,"cactus",,,,,,,,,,,,,,,,,,,627,0,,,,,"kbarrett@field-ops.org","jrappaport@field-ops.org",
"d317bc55-01cf-4246-82a5-e6417b665925","CPER_048.basePlot.vst","2015-09-28","vst_CPER_2015","D10","CPER","CPER_048","40","1",,"TEMP.PLA.CPER.2015.48159",,"OPPO","Opuntia polyacantha Haw.","species",,,,"cactus",,,,,,,,,,,,,,,,,,,38,1,,,,,"jjensen@field-ops.org","jjensen@field-ops.org",
"33a1e2a3-8437-4c55-893d-04a8fa013e84","CPER_049.basePlot.vst","2015-09-28","vst_CPER_2015","D10","CPER","CPER_049","32",,,"TEMP.PLA.CPER.2015.49156",,"OPPO","Opuntia polyacantha Haw.","species",,,,"cactus",,,,,,,,,,,,,,,,,,,154,0,,,,,"dbradley@field-ops.org","mbitters@field-ops.org",
"e17e78ff-3b16-4d7f-9258-696fa24620b7","CPER_048.basePlot.vst","2015-09-28","vst_CPER_2015","D10","CPER","CPER_048","32","2",,"TEMP.PLA.CPER.2015.48163",,"OPPO","Opuntia polyacantha Haw.","species",,,,"cactus",,,,,,,,,,,,,,,,,,,45,2,,,,,"jjensen@field-ops.org","jjensen@field-ops.org",
"ddc463e8-6047-41fa-a837-cdc4bce760a9","CPER_048.basePlot.vst","2015-09-28","vst_CPER_2015","D10","CPER","CPER_048","31","4",,"TEMP.PLA.CPER.2015.48165",,"OPPO","Opuntia polyacantha Haw.","species",,,,"cactus",,,,,,,,,,,,,,,,,,,70,7,,,,,"jjensen@field-ops.org","jjensen@field-ops.org",
"3e7d4596-9c39-4ddb-8d63-dd9515fa2c7a","CPER_049.basePlot.vst","2015-09-28","vst_CPER_2015","D10","CPER","CPER_049","41",,,"TEMP.PLA.CPER.2015.49158",,"OPPO","Opuntia polyacantha Haw.","species",,,,"cactus",,,,,,,,,,,,,,,,,,,152,0,,,,,"dbradley@field-ops.org","mbitters@field-ops.org",
"8413e508-98c2-4a17-bf87-c4c24ad6e7da","CPER_046.basePlot.vst","2015-09-28","vst_CPER_2015","D10","CPER","CPER_046","31","4",,"TEMP.PLA.CPER.2015.46160",,"OPPO","Opuntia polyacantha Haw.","species",,,,"cactus",,,,,,,,,,,,,,,,,,,43,0,,,,,"dbradley@field-ops.org","mbitters@field-ops.org",
"a549ee0a-e9ad-4d31-bb22-cff79a8bf1f4","CPER_046.basePlot.vst","2015-09-28","vst_CPER_2015","D10","CPER","CPER_046","32","2",,"TEMP.PLA.CPER.2015.46161",,"OPPO","Opuntia polyacantha Haw.","species",,,,"cactus",,,,,,,,,,,,,,,,,,,34,0,,,,,"dbradley@field-ops.org","mbitters@field-ops.org",
"4c16235f-e85f-4af7-8e19-f57c63383a6e","CPER_045.basePlot.vst","2015-09-28","vst_CPER_2015","D10","CPER","CPER_045","41",,,"TEMP.PLA.CPER.2015.45158",,"OPPO","Opuntia polyacantha Haw.","species",,,,"cactus",,,,,,,,,,,,,,,,,,,84,0,,,,,"kbarrett@field-ops.org","jrappaport@field-ops.org",
"701a3c18-2024-4217-b497-5dd6d465ed35","CPER_049.basePlot.vst","2015-09-28","vst_CPER_2015","D10","CPER","CPER_049","40",,,"TEMP.PLA.CPER.2015.49157",,"OPPO","Opuntia polyacantha Haw.","species",,,,"cactus",,,,,,,,,,,,,,,,,,,72,0,,,,,"dbradley@field-ops.org","mbitters@field-ops.org",
"b83743b1-fe17-444f-a788-64977c610674","CPER_046.basePlot.vst","2015-09-28","vst_CPER_2015","D10","CPER","CPER_046","40","1",,"TEMP.PLA.CPER.2015.46163",,"OPPO","Opuntia polyacantha Haw.","species",,,,"cactus",,,,,,,,,,,,,,,,,,,102,0,,,,,"dbradley@field-ops.org","mbitters@field-ops.org",
"60d3d080-4b7d-43d2-b249-d5843bc9c1a6","CPER_046.basePlot.vst","2015-09-28","vst_CPER_2015","D10","CPER","CPER_046","31","1",,"TEMP.PLA.CPER.2015.46159",,"OPPO","Opuntia polyacantha Haw.","species",,,,"cactus",,,,,,,,,,,,,,,,,,,262,0,,,,,"dbradley@field-ops.org","mbitters@field-ops.org",
"542f202a-0a90-4579-966e-e2af7ecf9a6d","CPER_045.basePlot.vst","2015-09-28","vst_CPER_2015","D10","CPER","CPER_045","40",,,"TEMP.PLA.CPER.2015.45157",,"OPPO","Opuntia polyacantha Haw.","species",,,,"cactus",,,,,,,,,,,,,,,,,,,148,0,,,,,"kbarrett@field-ops.org","jrappaport@field-ops.org",
"de59ecdf-9877-49c4-946a-1aa2ce6e7a1c","CPER_045.basePlot.vst","2015-09-28","vst_CPER_2015","D10","CPER","CPER_045","31",,,"TEMP.PLA.CPER.2015.45155",,"OPPO","Opuntia polyacantha Haw.","species",,,,"cactus",,,,,,,,,,,,,,,,,,,266,0,,,,,"kbarrett@field-ops.org","jrappaport@field-ops.org",
"3aa9b396-a8b4-4dc3-a67c-3a252549c2d7","CPER_048.basePlot.vst","2015-09-28","vst_CPER_2015","D10","CPER","CPER_048","41","4",,"TEMP.PLA.CPER.2015.48161",,"OPPO","Opuntia polyacantha Haw.","species",,,,"cactus",,,,,,,,,,,,,,,,,,,29,4,,,,,"jjensen@field-ops.org","jjensen@field-ops.org",
"63d16c04-9934-4a4c-987f-18871ad6f1bc","CPER_057.basePlot.vst","2015-09-28","vst_CPER_2015","D10","CPER","CPER_057","31","1",,"TEMP.PLA.CPER.2015.57152",,"OPPO","Opuntia polyacantha Haw.","species",,,,"cactus",,,,,,,,,,,,,,,,,,,205,0,,,,,"dbradley@field-ops.org","mbitters@field-ops.org",
"42ff2474-0967-4103-94db-e7aea5e524c9","CPER_048.basePlot.vst","2015-09-28","vst_CPER_2015","D10","CPER","CPER_048","32","2",,"TEMP.PLA.CPER.2015.48153",,"OPPO","Opuntia polyacantha Haw.","species",,,,"cactus",,,,,,,,,,,,,,,,,,,45,2,,,,,"jjensen@field-ops.org","jjensen@field-ops.org",
"39a35686-0bdd-421e-9ca5-206ca791bee0","CPER_066.basePlot.vst","2015-09-28","vst_CPER_2015","D10","CPER","CPER_066","32","4",,"TEMP.PLA.CPER.2015.66154",,"OPPO","Opuntia polyacantha Haw.","species",,,,"cactus",,,,,,,,,,,,,,,,,,,31,2,,,,,"kbarrett@field-ops.org","jrappaport@field-ops.org",
"f9c4b3bd-b2e6-475a-b00d-5f394aa8e00b","CPER_066.basePlot.vst","2015-09-28","vst_CPER_2015","D10","CPER","CPER_066","32","2",,"TEMP.PLA.CPER.2015.66152",,"OPPO","Opuntia polyacantha Haw.","species",,,,"cactus",,,,,,,,,,,,,,,,,,,19,0,,,,,"kbarrett@field-ops.org","jrappaport@field-ops.org",
"409541c5-2fed-421f-be25-713e63da90b2","CPER_046.basePlot.vst","2015-09-28","vst_CPER_2015","D10","CPER","CPER_046","31","1",,"TEMP.PLA.CPER.2015.46151",,"OPPO","Opuntia polyacantha Haw.","species",,,,"cactus",,,,,,,,,,,,,,,,,,,262,0,,,,,"dbradley@field-ops.org","mbitters@field-ops.org",
"9164d9d8-eedd-4cd5-b883-c210658ccf1c","CPER_046.basePlot.vst","2015-09-28","vst_CPER_2015","D10","CPER","CPER_046","40","1",,"TEMP.PLA.CPER.2015.46155",,"OPPO","Opuntia polyacantha Haw.","species",,,,"cactus",,,,,,,,,,,,,,,,,,,102,0,,,,,"dbradley@field-ops.org","mbitters@field-ops.org",
"32c7fd95-295e-47c0-aa11-136b0d2f3add","CPER_057.basePlot.vst","2015-09-28","vst_CPER_2015","D10","CPER","CPER_057","32","2",,"TEMP.PLA.CPER.2015.57151",,"OPPO","Opuntia polyacantha Haw.","species",,,,"cactus",,,,,,,,,,,,,,,,,,,23,0,,,,,"dbradley@field-ops.org","mbitters@field-ops.org",
"a7ba8e74-89a3-4879-a23a-79c546c09279","CPER_049.basePlot.vst","2015-09-28","vst_CPER_2015","D10","CPER","CPER_049","32",,,"TEMP.PLA.CPER.2015.49152",,"OPPO","Opuntia polyacantha Haw.","species",,,,"cactus",,,,,,,,,,,,,,,,,,,154,0,,,,,"dbradley@field-ops.org","mbitters@field-ops.org",
"39cf524d-5dbd-4390-bc8a-424f1bf6431d","CPER_059.basePlot.vst","2015-09-28","vst_CPER_2015","D10","CPER","CPER_059","32",,,"TEMP.PLA.CPER.2015.59153",,"OPPO","Opuntia polyacantha Haw.","species",,,,"cactus",,,,,,,,,,,,,,,,,,,294,0,,,,,"kbarrett@field-ops.org","jrappaport@field-ops.org",
"2588def6-8111-478a-ae6d-ff8b5396d640","CPER_064.basePlot.vst","2015-09-28","vst_CPER_2015","D10","CPER","CPER_064","41",,,"TEMP.PLA.CPER.2015.64151",,"OPPO","Opuntia polyacantha Haw.","species",,,,"cactus",,,,,,,,,,,,,,,,,,,357,9,,,,,"jjensen@field-ops.org","jjensen@field-ops.org",
"b770096c-1c33-4838-be14-16cbc194894b","CPER_056.basePlot.vst","2015-09-28","vst_CPER_2015","D10","CPER","CPER_056","40",,,"TEMP.PLA.CPER.2015.56154",,"OPPO","Opuntia polyacantha Haw.","species",,,,"cactus",,,,,,,,,,,,,,,,,,,190,7,,,,,"kbarrett@field-ops.org","jrappaport@field-ops.org",
"7f45d90d-1eb4-470d-b409-f26a5315e967","CPER_070.basePlot.vst","2015-09-28","vst_CPER_2015","D10","CPER","CPER_070","32",,,"TEMP.PLA.CPER.2015.70153",,"OPPO","Opuntia polyacantha Haw.","species",,,,"cactus",,,,,,,,,,,,,,,,,,,49,0,,,,,"dbradley@field-ops.org","mbitters@field-ops.org",
"77ca7033-65e9-4e62-9cd2-39c532fbda02","CPER_066.basePlot.vst","2015-09-28","vst_CPER_2015","D10","CPER","CPER_066","41","1",,"TEMP.PLA.CPER.2015.66153",,"OPPO","Opuntia polyacantha Haw.","species",,,,"cactus",,,,,,,,,,,,,,,,,,,89,0,,,,,"kbarrett@field-ops.org","jrappaport@field-ops.org",
"e6bae718-8966-4282-8303-dd9303e11b24","CPER_054.basePlot.vst","2015-09-28","vst_CPER_2015","D10","CPER","CPER_054","40","3",,"TEMP.PLA.CPER.2015.54154",,"OPPO","Opuntia polyacantha Haw.","species",,,,"cactus",,,,,,,,,,,,,,,,,,,57,2,,,,,"jjensen@field-ops.org","jjensen@field-ops.org",
"d4446868-cb84-4bc2-bdbf-8298c04ece1b","CPER_045.basePlot.vst","2015-09-28","vst_CPER_2015","D10","CPER","CPER_045","31",,,"TEMP.PLA.CPER.2015.45153",,"OPPO","Opuntia polyacantha Haw.","species",,,,"cactus",,,,,,,,,,,,,,,,,,,266,0,,,,,"kbarrett@field-ops.org","jrappaport@field-ops.org",
"fb3cd646-3d7b-41b3-9b9b-28bcf5350471","CPER_059.basePlot.vst","2015-09-28","vst_CPER_2015","D10","CPER","CPER_059","31",,,"TEMP.PLA.CPER.2015.59152",,"OPPO","Opuntia polyacantha Haw.","species",,,,"cactus",,,,,,,,,,,,,,,,,,,378,0,,,,,"kbarrett@field-ops.org","jrappaport@field-ops.org",
"efde6929-2e1e-4bfb-b42f-18d54bb9edf5","CPER_048.basePlot.vst","2015-09-28","vst_CPER_2015","D10","CPER","CPER_048","31","1",,"TEMP.PLA.CPER.2015.48155",,"OPPO","Opuntia polyacantha Haw.","species",,,,"cactus",,,,,,,,,,,,,,,,,,,149,17,,,,,"jjensen@field-ops.org","jjensen@field-ops.org",
"7e7bb1ee-a636-4663-aa43-1b760c2059d5","CPER_062.basePlot.vst","2015-09-28","vst_CPER_2015","D10","CPER","CPER_062","40","1",,"TEMP.PLA.CPER.2015.62153",,"OPPO","Opuntia polyacantha Haw.","species",,,,"cactus",,,,,,,,,,,,,,,,,,,42,0,,,,,"dbradley@field-ops.org","mbitters@field-ops.org",
"9b3018bf-3805-4b97-88d3-16e60a51e649","CPER_057.basePlot.vst","2015-09-28","vst_CPER_2015","D10","CPER","CPER_057","40","3",,"TEMP.PLA.CPER.2015.57154",,"OPPO","Opuntia polyacantha Haw.","species",,,,"cactus",,,,,,,,,,,,,,,,,,,14,0,,,,,"dbradley@field-ops.org","mbitters@field-ops.org",
"c722940f-babb-45d3-8290-f8ecab5655be","CPER_045.basePlot.vst","2015-09-28","vst_CPER_2015","D10","CPER","CPER_045","41",,,"TEMP.PLA.CPER.2015.45151",,"OPPO","Opuntia polyacantha Haw.","species",,,,"cactus",,,,,,,,,,,,,,,,,,,84,0,,,,,"kbarrett@field-ops.org","jrappaport@field-ops.org",
"995ba132-87ac-4725-be92-97636692af25","CPER_049.basePlot.vst","2015-09-28","vst_CPER_2015","D10","CPER","CPER_049","31",,,"TEMP.PLA.CPER.2015.49151",,"OPPO","Opuntia polyacantha Haw.","species",,,,"cactus",,,,,,,,,,,,,,,,,,,343,0,,,,,"dbradley@field-ops.org","mbitters@field-ops.org",
"f7a1326c-d32f-46ed-9a8e-57e8240463ba","CPER_070.basePlot.vst","2015-09-28","vst_CPER_2015","D10","CPER","CPER_070","40",,,"TEMP.PLA.CPER.2015.70151",,"OPPO","Opuntia polyacantha Haw.","species",,,,"cactus",,,,,,,,,,,,,,,,,,,322,0,,,,,"dbradley@field-ops.org","mbitters@field-ops.org",
"68ab57a3-ac9d-427c-84ee-67d2ddbb54c7","CPER_054.basePlot.vst","2015-09-28","vst_CPER_2015","D10","CPER","CPER_054","31","1",,"TEMP.PLA.CPER.2015.54151",,"OPPO","Opuntia polyacantha Haw.","species",,,,"cactus",,,,,,,,,,,,,,,,,,,19,4,,,,,"jjensen@field-ops.org","jjensen@field-ops.org",
"afdad9a5-d4ea-4ee5-b817-f4624895c3e7","CPER_056.basePlot.vst","2015-09-28","vst_CPER_2015","D10","CPER","CPER_056","41",,,"TEMP.PLA.CPER.2015.56153",,"OPPO","Opuntia polyacantha Haw.","species",,,,"cactus",,,,,,,,,,,,,,,,,,,73,0,,,,,"kbarrett@field-ops.org","jrappaport@field-ops.org",
"bfc01731-38f4-4490-86db-b8e8cdb50dcb","CPER_062.basePlot.vst","2015-09-28","vst_CPER_2015","D10","CPER","CPER_062","40","3",,"TEMP.PLA.CPER.2015.62151",,"OPPO","Opuntia polyacantha Haw.","species",,,,"cactus",,,,,,,,,,,,,,,,,,,184,0,,,,,"dbradley@field-ops.org","mbitters@field-ops.org",
"0fb43316-2e79-4e55-a782-35f92b1ecb19","CPER_048.basePlot.vst","2015-09-28","vst_CPER_2015","D10","CPER","CPER_048","40","3",,"TEMP.PLA.CPER.2015.48151",,"OPPO","Opuntia polyacantha Haw.","species",,,,"cactus",,,,,,,,,,,,,,,,,,,29,3,,,,,"jjensen@field-ops.org","jjensen@field-ops.org",
"3ce17ddc-dcf8-4b71-aeae-0e75ee58c97f","CPER_061.basePlot.vst","2015-09-28","vst_CPER_2015","D10","CPER","CPER_061","31","1",,"TEMP.PLA.CPER.2015.61153",,"OPPO","Opuntia polyacantha Haw.","species",,,,"cactus",,,,,,,,,,,,,,,,,,,49,0,,,,,"kbarrett@field-ops.org","jrappaport@field-ops.org",
"11bda7f7-b17b-4013-827e-73bb2c279fdf","CPER_046.basePlot.vst","2015-09-28","vst_CPER_2015","D10","CPER","CPER_046","40","3",,"TEMP.PLA.CPER.2015.46154",,"OPPO","Opuntia polyacantha Haw.","species",,,,"cactus",,,,,,,,,,,,,,,,,,,105,4,,,,,"dbradley@field-ops.org","mbitters@field-ops.org",
"538a1f1a-e8c5-45a1-a36a-b5a5dfc70a64","CPER_054.basePlot.vst","2015-09-28","vst_CPER_2015","D10","CPER","CPER_054","31","4",,"TEMP.PLA.CPER.2015.54155",,"OPPO","Opuntia polyacantha Haw.","species",,,,"cactus",,,,,,,,,,,,,,,,,,,38,2,,,,,"jjensen@field-ops.org","jjensen@field-ops.org",
"0b9a5753-ec24-4ce4-8dbb-3a6ae8b79ef7","CPER_046.basePlot.vst","2015-09-28","vst_CPER_2015","D10","CPER","CPER_046","41","1",,"TEMP.PLA.CPER.2015.46153",,"OPPO","Opuntia polyacantha Haw.","species",,,,"cactus",,,,,,,,,,,,,,,,,,,54,0,,,,,"dbradley@field-ops.org","mbitters@field-ops.org",
"907b9882-e3e9-4a1e-9c74-c2252fdad144","CPER_056.basePlot.vst","2015-09-28","vst_CPER_2015","D10","CPER","CPER_056","31",,,"TEMP.PLA.CPER.2015.56152",,"OPPO","Opuntia polyacantha Haw.","species",,,,"cactus",,,,,,,,,,,,,,,,,,,95,0,,,,,"kbarrett@field-ops.org","jrappaport@field-ops.org",
"743ce91f-2818-4543-ba3d-81446b0a060e","CPER_061.basePlot.vst","2015-09-28","vst_CPER_2015","D10","CPER","CPER_061","41","1",,"TEMP.PLA.CPER.2015.61155",,"OPPO","Opuntia polyacantha Haw.","species",,,,"cactus",,,,,,,,,,,,,,,,,,,50,0,,,,,"kbarrett@field-ops.org","jrappaport@field-ops.org",
"c96e5acb-cf70-4b78-95eb-7592e23e345f","CPER_066.basePlot.vst","2015-09-28","vst_CPER_2015","D10","CPER","CPER_066","31","4",,"TEMP.PLA.CPER.2015.66151",,"OPPO","Opuntia polyacantha Haw.","species",,,,"cactus",,,,,,,,,,,,,,,,,,,82,0,,,,,"kbarrett@field-ops.org","jrappaport@field-ops.org",
"711d70fd-5b14-41e4-a47f-b386a64e202d","CPER_054.basePlot.vst","2015-09-28","vst_CPER_2015","D10","CPER","CPER_054","32","4",,"TEMP.PLA.CPER.2015.54152",,"OPPO","Opuntia polyacantha Haw.","species",,,,"cactus",,,,,,,,,,,,,,,,,,,17,3,,,,,"jjensen@field-ops.org","jjensen@field-ops.org",
"94e3a799-b005-40c2-a61d-5f49f430e02c","CPER_048.basePlot.vst","2015-09-28","vst_CPER_2015","D10","CPER","CPER_048","31","4",,"TEMP.PLA.CPER.2015.48154",,"OPPO","Opuntia polyacantha Haw.","species",,,,"cactus",,,,,,,,,,,,,,,,,,,70,7,,,,,"jjensen@field-ops.org","jjensen@field-ops.org",
"8ae81291-69eb-4a34-ba35-459cd4a83a81","CPER_059.basePlot.vst","2015-09-28","vst_CPER_2015","D10","CPER","CPER_059","41",,,"TEMP.PLA.CPER.2015.59151",,"OPPO","Opuntia polyacantha Haw.","species",,,,"cactus",,,,,,,,,,,,,,,,,,,404,0,,,,,"kbarrett@field-ops.org","jrappaport@field-ops.org",
"51bb72a0-a771-4c93-bad2-2eb39065d8ad","CPER_048.basePlot.vst","2015-09-28","vst_CPER_2015","D10","CPER","CPER_048","40","1",,"TEMP.PLA.CPER.2015.48152",,"OPPO","Opuntia polyacantha Haw.","species",,,,"cactus",,,,,,,,,,,,,,,,,,,38,1,,,,,"jjensen@field-ops.org","jjensen@field-ops.org",
"c7e159e7-4086-4e20-ab53-a89cc5eef290","CPER_061.basePlot.vst","2015-09-28","vst_CPER_2015","D10","CPER","CPER_061","41","4",,"TEMP.PLA.CPER.2015.61152",,"OPPO","Opuntia polyacantha Haw.","species",,,,"cactus",,,,,,,,,,,,,,,,,,,81,0,,,,,"kbarrett@field-ops.org","jrappaport@field-ops.org",
"92fa0979-a673-4e23-bd84-f3a883cbce30","CPER_061.basePlot.vst","2015-09-28","vst_CPER_2015","D10","CPER","CPER_061","32","4",,"TEMP.PLA.CPER.2015.61151",,"OPPO","Opuntia polyacantha Haw.","species",,,,"cactus",,,,,,,,,,,,,,,,,,,68,0,,,,,"kbarrett@field-ops.org","jrappaport@field-ops.org",
"ab3bb96e-8b31-4604-9d5f-fcfa378275cb","CPER_045.basePlot.vst","2015-09-28","vst_CPER_2015","D10","CPER","CPER_045","40",,,"TEMP.PLA.CPER.2015.45152",,"OPPO","Opuntia polyacantha Haw.","species",,,,"cactus",,,,,,,,,,,,,,,,,,,148,0,,,,,"kbarrett@field-ops.org","jrappaport@field-ops.org",
"75d82322-8372-4b69-918d-dea4f11d91e1","CPER_070.basePlot.vst","2015-09-28","vst_CPER_2015","D10","CPER","CPER_070","31",,,"TEMP.PLA.CPER.2015.70152",,"OPPO","Opuntia polyacantha Haw.","species",,,,"cactus",,,,,,,,,,,,,,,,,,,82,0,,,,,"dbradley@field-ops.org","mbitters@field-ops.org",
"e2137a03-d92f-4fe3-aa86-a5ed67d5c6c4","CPER_046.basePlot.vst","2015-09-28","vst_CPER_2015","D10","CPER","CPER_046","32","2",,"TEMP.PLA.CPER.2015.46152",,"OPPO","Opuntia polyacantha Haw.","species",,,,"cactus",,,,,,,,,,,,,,,,,,,34,0,,,,,"dbradley@field-ops.org","mbitters@field-ops.org",
"841aad51-dfd5-450b-8fba-d1ff2be2639a","CPER_046.basePlot.vst","2015-09-28","vst_CPER_2015","D10","CPER","CPER_046","41","4",,"TEMP.PLA.CPER.2015.46156",,"OPPO","Opuntia polyacantha Haw.","species",,,,"cactus",,,,,,,,,,,,,,,,,,,17,0,,,,,"dbradley@field-ops.org","mbitters@field-ops.org",
"d551e529-9311-4f9b-ab5e-7c8f29c0ebca","CPER_054.basePlot.vst","2015-09-28","vst_CPER_2015","D10","CPER","CPER_054","40","1",,"TEMP.PLA.CPER.2015.54153",,"OPPO","Opuntia polyacantha Haw.","species",,,,"cactus",,,,,,,,,,,,,,,,,,,235,24,,,,,"jjensen@field-ops.org","jjensen@field-ops.org",
"85a5a528-a8cc-4a12-9f9e-152502d04187","CPER_061.basePlot.vst","2015-09-28","vst_CPER_2015","D10","CPER","CPER_061","32","2",,"TEMP.PLA.CPER.2015.61154",,"OPPO","Opuntia polyacantha Haw.","species",,,,"cactus",,,,,,,,,,,,,,,,,,,34,0,,,,,"kbarrett@field-ops.org","jrappaport@field-ops.org",
"ee593112-1afc-4e1f-bf9c-6f86e82b51c5","CPER_062.basePlot.vst","2015-09-28","vst_CPER_2015","D10","CPER","CPER_062","31","4",,"TEMP.PLA.CPER.2015.62152",,"OPPO","Opuntia polyacantha Haw.","species",,,,"cactus",,,,,,,,,,,,,,,,,,,251,0,,,,,"dbradley@field-ops.org","mbitters@field-ops.org",
"a6dbe2ba-132b-47e6-b509-71cf50d0db42","CPER_057.basePlot.vst","2015-09-28","vst_CPER_2015","D10","CPER","CPER_057","32","4",,"TEMP.PLA.CPER.2015.57153",,"OPPO","Opuntia polyacantha Haw.","species",,,,"cactus",,,,,,,,,,,,,,,,,,,,0,,,,,"dbradley@field-ops.org","mbitters@field-ops.org",
"7ea8f278-3adc-429b-abd0-9e89c5ae06a5","CPER_056.basePlot.vst","2015-09-28","vst_CPER_2015","D10","CPER","CPER_056","32",,,"TEMP.PLA.CPER.2015.56151",,"OPPO","Opuntia polyacantha Haw.","species",,,,"cactus",,,,,,,,,,,,,,,,,,,98,0,,,,,"kbarrett@field-ops.org","jrappaport@field-ops.org",
"a550fbff-5098-4a87-b341-c5d0eb1b82da","CPER_066.basePlot.vst","2015-09-28","vst_CPER_2015","D10","CPER","CPER_066","31","1",,"TEMP.PLA.CPER.2015.66157",,"OPPO","Opuntia polyacantha Haw.","species",,,,"cactus",,,,,,,,,,,,,,,,,,,108,0,,,,,"kbarrett@field-ops.org","jrappaport@field-ops.org",
"97bf9bc8-4352-4949-9e42-ecccb7255f64","CPER_062.basePlot.vst","2015-09-28","vst_CPER_2015","D10","CPER","CPER_062","32","4",,"TEMP.PLA.CPER.2015.62154",,"OPPO","Opuntia polyacantha Haw.","species",,,,"cactus",,,,,,,,,,,,,,,,,,,93,0,,,,,"dbradley@field-ops.org","mbitters@field-ops.org",
"de8e334f-bba2-45f1-89eb-826c6f9b0ea4","CPER_062.basePlot.vst","2015-09-28","vst_CPER_2015","D10","CPER","CPER_062","41","4",,"TEMP.PLA.CPER.2015.62156",,"OPPO","Opuntia polyacantha Haw.","species",,,,"cactus",,,,,,,,,,,,,,,,,,,66,1,,,,,"dbradley@field-ops.org","mbitters@field-ops.org",
"e964492a-c088-4f06-aa8e-30c3dabeae71","CPER_064.basePlot.vst","2015-09-28","vst_CPER_2015","D10","CPER","CPER_064","31",,,"TEMP.PLA.CPER.2015.64153",,"OPPO","Opuntia polyacantha Haw.","species",,,,"cactus",,,,,,,,,,,,,,,,,,,295,12,,,,,"jjensen@field-ops.org","jjensen@field-ops.org",
"3ea2a991-e23e-4c87-a0ab-bb15dc95a7e1","CPER_045.basePlot.vst","2015-09-28","vst_CPER_2015","D10","CPER","CPER_045","32",,,"TEMP.PLA.CPER.2015.45154",,"OPPO","Opuntia polyacantha Haw.","species",,,,"cactus",,,,,,,,,,,,,,,,,,,627,0,,,,,"kbarrett@field-ops.org","jrappaport@field-ops.org",
"1f98850d-fd3e-463f-9bdb-873b7778448c","CPER_049.basePlot.vst","2015-09-28","vst_CPER_2015","D10","CPER","CPER_049","40",,,"TEMP.PLA.CPER.2015.49153",,"OPPO","Opuntia polyacantha Haw.","species",,,,"cactus",,,,,,,,,,,,,,,,,,,72,0,,,,,"dbradley@field-ops.org","mbitters@field-ops.org",
"03b7b4dd-3e57-4fc9-8431-5d73801495e9","CPER_054.basePlot.vst","2015-09-28","vst_CPER_2015","D10","CPER","CPER_054","41","4",,"TEMP.PLA.CPER.2015.54158",,"OPPO","Opuntia polyacantha Haw.","species",,,,"cactus",,,,,,,,,,,,,,,,,,,16,1,,,,,"jjensen@field-ops.org","jjensen@field-ops.org",
"0fbd7df0-caca-4c8e-b525-4a6b165d8eec","CPER_048.basePlot.vst","2015-09-28","vst_CPER_2015","D10","CPER","CPER_048","32","4",,"TEMP.PLA.CPER.2015.48157",,"OPPO","Opuntia polyacantha Haw.","species",,,,"cactus",,,,,,,,,,,,,,,,,,,113,16,,,,,"jjensen@field-ops.org","jjensen@field-ops.org",
"61ee870e-c968-41e0-b264-1d8f45c81038","CPER_062.basePlot.vst","2015-09-28","vst_CPER_2015","D10","CPER","CPER_062","32","2",,"TEMP.PLA.CPER.2015.62155",,"OPPO","Opuntia polyacantha Haw.","species",,,,"cactus",,,,,,,,,,,,,,,,,,,77,0,,,,,"dbradley@field-ops.org","mbitters@field-ops.org",
"a99e3652-0ea8-4c3d-85a5-3e8b883ddccd","CPER_062.basePlot.vst","2015-09-28","vst_CPER_2015","D10","CPER","CPER_062","41","1",,"TEMP.PLA.CPER.2015.62157",,"OPPO","Opuntia polyacantha Haw.","species",,,,"cactus",,,,,,,,,,,,,,,,,,,101,2,,,,,"dbradley@field-ops.org","mbitters@field-ops.org",
"a380d76f-259d-4e9d-b62d-bfc706b01606","CPER_061.basePlot.vst","2015-09-28","vst_CPER_2015","D10","CPER","CPER_061","40","3",,"TEMP.PLA.CPER.2015.61157",,"OPPO","Opuntia polyacantha Haw.","species",,,,"cactus",,,,,,,,,,,,,,,,,,,164,0,,,,,"kbarrett@field-ops.org","jrappaport@field-ops.org",
"834e5970-9cd0-4f09-9164-bae28f6c7f53","CPER_064.basePlot.vst","2015-09-28","vst_CPER_2015","D10","CPER","CPER_064","32",,,"TEMP.PLA.CPER.2015.64154",,"OPPO","Opuntia polyacantha Haw.","species",,,,"cactus",,,,,,,,,,,,,,,,,,,296,9,,,,,"jjensen@field-ops.org","jjensen@field-ops.org",
"2102a66c-ea0e-4897-888f-36a2553d74fe","CPER_057.basePlot.vst","2015-09-28","vst_CPER_2015","D10","CPER","CPER_057","41","1",,"TEMP.PLA.CPER.2015.57157",,"OPPO","Opuntia polyacantha Haw.","species",,,,"cactus",,,,,,,,,,,,,,,,,,,7,0,,,,,"dbradley@field-ops.org","mbitters@field-ops.org",
"96af4a1d-02d1-44d7-a122-a5465019d8a7","CPER_048.basePlot.vst","2015-09-28","vst_CPER_2015","D10","CPER","CPER_048","41","1",,"TEMP.PLA.CPER.2015.48156",,"OPPO","Opuntia polyacantha Haw.","species",,,,"cactus",,,,,,,,,,,,,,,,,,,52,2,,,,,"jjensen@field-ops.org","jjensen@field-ops.org",
"9531b97f-a3ae-43b9-9737-93cc3043ef35","CPER_057.basePlot.vst","2015-09-28","vst_CPER_2015","D10","CPER","CPER_057","40","1",,"TEMP.PLA.CPER.2015.57155",,"OPPO","Opuntia polyacantha Haw.","species",,,,"cactus",,,,,,,,,,,,,,,,,,,37,0,,,,,"dbradley@field-ops.org","mbitters@field-ops.org",
"9ef537d7-ad32-496e-bb58-ec29c6912622","CPER_054.basePlot.vst","2015-09-28","vst_CPER_2015","D10","CPER","CPER_054","32","2",,"TEMP.PLA.CPER.2015.54157",,"OPPO","Opuntia polyacantha Haw.","species",,,,"cactus",,,,,,,,,,,,,,,,,,,26,1,,,,,"jjensen@field-ops.org","jjensen@field-ops.org",
"66e3b89f-a990-4d0d-b499-2499f0938071","CPER_061.basePlot.vst","2015-09-28","vst_CPER_2015","D10","CPER","CPER_061","31","4",,"TEMP.PLA.CPER.2015.61158",,"OPPO","Opuntia polyacantha Haw.","species",,,,"cactus",,,,,,,,,,,,,,,,,,,52,0,,,,,"kbarrett@field-ops.org","jrappaport@field-ops.org",
"ae8ed8c6-60dc-423d-be56-98fc452dc9e4","CPER_046.basePlot.vst","2015-09-28","vst_CPER_2015","D10","CPER","CPER_046","32","4",,"TEMP.PLA.CPER.2015.46158",,"OPPO","Opuntia polyacantha Haw.","species",,,,"cactus",,,,,,,,,,,,,,,,,,,57,4,,,,,"dbradley@field-ops.org","mbitters@field-ops.org",
"f78f7a86-7467-4f88-8a22-5d36d8796ce9","CPER_057.basePlot.vst","2015-09-28","vst_CPER_2015","D10","CPER","CPER_057","41","4",,"TEMP.PLA.CPER.2015.57156",,"OPPO","Opuntia polyacantha Haw.","species",,,,"cactus",,,,,,,,,,,,,,,,,,,39,0,,,,,"dbradley@field-ops.org","mbitters@field-ops.org",
"68d4504d-80ba-4533-be39-471506e32359","CPER_064.basePlot.vst","2015-09-28","vst_CPER_2015","D10","CPER","CPER_064","40",,,"TEMP.PLA.CPER.2015.64152",,"OPPO","Opuntia polyacantha Haw.","species",,,,"cactus",,,,,,,,,,,,,,,,,,,461,12,,,,,"jjensen@field-ops.org","jjensen@field-ops.org",
"3a48e1eb-e34d-47bb-b67d-cf15af88aaf7","CPER_062.basePlot.vst","2015-09-28","vst_CPER_2015","D10","CPER","CPER_062","31","1",,"TEMP.PLA.CPER.2015.62158",,"OPPO","Opuntia polyacantha Haw.","species",,,,"cactus",,,,,,,,,,,,,,,,,,,143,0,,,,,"dbradley@field-ops.org","mbitters@field-ops.org",
"79a022c4-e6f5-4453-a52f-4bb2160b0800","CPER_054.basePlot.vst","2015-09-28","vst_CPER_2015","D10","CPER","CPER_054","41","1",,"TEMP.PLA.CPER.2015.54156",,"OPPO","Opuntia polyacantha Haw.","species",,,,"cactus",,,,,,,,,,,,,,,,,,,7,1,,,,,"jjensen@field-ops.org","jjensen@field-ops.org",
"52505f95-282a-4939-9de0-f2df78102492","CPER_066.basePlot.vst","2015-09-28","vst_CPER_2015","D10","CPER","CPER_066","41","4",,"TEMP.PLA.CPER.2015.66156",,"OPPO","Opuntia polyacantha Haw.","species",,,,"cactus",,,,,,,,,,,,,,,,,,,51,0,,,,,"kbarrett@field-ops.org","jrappaport@field-ops.org",
"c947d6c7-9a07-4d9d-b3dd-2cb6e41951bc","CPER_070.basePlot.vst","2015-09-28","vst_CPER_2015","D10","CPER","CPER_070","41",,,"TEMP.PLA.CPER.2015.70154",,"OPPO","Opuntia polyacantha Haw.","species",,,,"cactus",,,,,,,,,,,,,,,,,,,284,0,,,,,"dbradley@field-ops.org","mbitters@field-ops.org",
"9ef173a6-092a-4b5b-8c8f-7d1f1b5ed8b8","CPER_066.basePlot.vst","2015-09-28","vst_CPER_2015","D10","CPER","CPER_066","40","1",,"TEMP.PLA.CPER.2015.66158",,"OPPO","Opuntia polyacantha Haw.","species",,,,"cactus",,,,,,,,,,,,,,,,,,,32,0,,,,,"kbarrett@field-ops.org","jrappaport@field-ops.org",
"b55db435-f564-4edd-8c00-901492809926","CPER_046.basePlot.vst","2015-09-28","vst_CPER_2015","D10","CPER","CPER_046","31","4",,"TEMP.PLA.CPER.2015.46157",,"OPPO","Opuntia polyacantha Haw.","species",,,,"cactus",,,,,,,,,,,,,,,,,,,43,0,,,,,"dbradley@field-ops.org","mbitters@field-ops.org",
"02e1035f-adff-48ef-9f5b-e2e1bf60153d","CPER_057.basePlot.vst","2015-09-28","vst_CPER_2015","D10","CPER","CPER_057","31","4",,"TEMP.PLA.CPER.2015.57158",,"OPPO","Opuntia polyacantha Haw.","species",,,,"cactus",,,,,,,,,,,,,,,,,,,13,0,,,,,"dbradley@field-ops.org","mbitters@field-ops.org",
"9758d0c4-5bec-4bf2-89cb-83ad18d378be","CPER_048.basePlot.vst","2015-09-28","vst_CPER_2015","D10","CPER","CPER_048","41","4",,"TEMP.PLA.CPER.2015.48158",,"OPPO","Opuntia polyacantha Haw.","species",,,,"cactus",,,,,,,,,,,,,,,,,,,29,4,,,,,"jjensen@field-ops.org","jjensen@field-ops.org",
"bb324aed-62de-47b4-a306-4908211d510e","CPER_061.basePlot.vst","2015-09-28","vst_CPER_2015","D10","CPER","CPER_061","40","1",,"TEMP.PLA.CPER.2015.61156",,"OPPO","Opuntia polyacantha Haw.","species",,,,"cactus",,,,,,,,,,,,,,,,,,,183,0,,,,,"kbarrett@field-ops.org","jrappaport@field-ops.org",
"8de2f98c-b3ea-4e3b-aa04-1582d0dcaff6","CPER_059.basePlot.vst","2015-09-28","vst_CPER_2015","D10","CPER","CPER_059","40",,,"TEMP.PLA.CPER.2015.59154",,"OPPO","Opuntia polyacantha Haw.","species",,,,"cactus",,,,,,,,,,,,,,,,,,,1044,0,,,,,"kbarrett@field-ops.org","jrappaport@field-ops.org",
"9e4211d7-4638-4d1c-9104-fb8d480f7ad9","CPER_049.basePlot.vst","2015-09-28","vst_CPER_2015","D10","CPER","CPER_049","41",,,"TEMP.PLA.CPER.2015.49154",,"OPPO","Opuntia polyacantha Haw.","species",,,,"cactus",,,,,,,,,,,,,,,,,,,152,0,,,,,"dbradley@field-ops.org","mbitters@field-ops.org",
"afe783b1-45e8-47bb-ab8a-54faedbf74d8","CPER_072.basePlot.vst","2015-09-29","vst_CPER_2015","D10","CPER","CPER_072","32","4",,"TEMP.PLA.CPER.2015.72154",,"OPPO","Opuntia polyacantha Haw.","species",,,,"cactus",,,,,,,,,,,,,,,,,,,39,0,,,,,"jjensen@field-ops.org","jhausknecht@field-ops.org",
"9e7c7018-6cf9-4f00-8eee-e6cb4296463a","CPER_063.basePlot.vst","2015-09-29","vst_CPER_2015","D10","CPER","CPER_063","40","1",,"TEMP.PLA.CPER.2015.63156",,"OPPO","Opuntia polyacantha Haw.","species",,,,"cactus",,,,,,,,,,,,,,,,,,,60,2,,,,,"jjensen@field-ops.org","jhausknecht@field-ops.org",
"7168447a-9d19-4be4-a454-cae01bbeb6c0","CPER_060.basePlot.vst","2015-09-29","vst_CPER_2015","D10","CPER","CPER_060","32",,,"TEMP.PLA.CPER.2015.60153",,"OPPO","Opuntia polyacantha Haw.","species",,,,"cactus",,,,,,,,,,,,,,,,,,,466,3,,,,,"jjensen@field-ops.org","jhausknecht@field-ops.org",
"db5a01b6-be29-42b6-98e8-7fdc6aa369c4","CPER_072.basePlot.vst","2015-09-29","vst_CPER_2015","D10","CPER","CPER_072","40","3",,"TEMP.PLA.CPER.2015.72156",,"OPPO","Opuntia polyacantha Haw.","species",,,,"cactus",,,,,,,,,,,,,,,,,,,71,1,,,,,"jjensen@field-ops.org","jhausknecht@field-ops.org",
"e6623e45-0794-48e6-a12b-9decd3b53d1d","CPER_052.basePlot.vst","2015-09-29","vst_CPER_2015","D10","CPER","CPER_052","40",,,"TEMP.PLA.CPER.2015.52152",,"OPPO","Opuntia polyacantha Haw.","species",,,,"cactus",,,,,,,,,,,,,,,,,,,623,16,,,,,"jjensen@field-ops.org","jhausknecht@field-ops.org",
"23646de5-ed72-4cd0-9245-ab8ad84d6fdf","CPER_052.basePlot.vst","2015-09-29","vst_CPER_2015","D10","CPER","CPER_052","32",,,"TEMP.PLA.CPER.2015.52153",,"OPPO","Opuntia polyacantha Haw.","species",,,,"cactus",,,,,,,,,,,,,,,,,,,92,1,,,,,"jjensen@field-ops.org","jhausknecht@field-ops.org",
"242e891e-1e43-446c-90d3-5445538c18f4","CPER_051.basePlot.vst","2015-09-29","vst_CPER_2015","D10","CPER","CPER_051","32","4",,"TEMP.PLA.CPER.2015.51151",,"OPPO","Opuntia polyacantha Haw.","species",,,,"cactus",,,,,,,,,,,,,,,,,,,265,0,,,,,"jjensen@field-ops.org","jhausknecht@field-ops.org",
"ab5545b6-eefb-4cd6-942d-195b2cde5307","CPER_053.basePlot.vst","2015-09-29","vst_CPER_2015","D10","CPER","CPER_053","40","1",,"TEMP.PLA.CPER.2015.53158",,"OPPO","Opuntia polyacantha Haw.","species",,,,"cactus",,,,,,,,,,,,,,,,,,,49,1,,,,,"jjensen@field-ops.org","jhausknecht@field-ops.org",
"6f81c7b1-ce67-4a93-9282-97bcee991226","CPER_053.basePlot.vst","2015-09-29","vst_CPER_2015","D10","CPER","CPER_053","32","4",,"TEMP.PLA.CPER.2015.53157",,"OPPO","Opuntia polyacantha Haw.","species",,,,"cactus",,,,,,,,,,,,,,,,,,,90,2,,,,,"jjensen@field-ops.org","jhausknecht@field-ops.org",
"37a89791-9679-44a5-b7eb-e94d31bf7141","CPER_063.basePlot.vst","2015-09-29","vst_CPER_2015","D10","CPER","CPER_063","41","1",,"TEMP.PLA.CPER.2015.63158",,"OPPO","Opuntia polyacantha Haw.","species",,,,"cactus",,,,,,,,,,,,,,,,,,,5,0,,,,,"jjensen@field-ops.org","jhausknecht@field-ops.org",
"fe1ea0de-619a-4959-b557-e5857f2d6496","CPER_051.basePlot.vst","2015-09-29","vst_CPER_2015","D10","CPER","CPER_051","41","4",,"TEMP.PLA.CPER.2015.51156",,"OPPO","Opuntia polyacantha Haw.","species",,,,"cactus",,,,,,,,,,,,,,,,,,,42,0,,,,,"jjensen@field-ops.org","jhausknecht@field-ops.org",
"bcf2dcab-14d1-457d-88c7-40e7ab110478","CPER_072.basePlot.vst","2015-09-29","vst_CPER_2015","D10","CPER","CPER_072","41","1",,"TEMP.PLA.CPER.2015.72158",,"OPPO","Opuntia polyacantha Haw.","species",,,,"cactus",,,,,,,,,,,,,,,,,,,17,0,,,,,"jjensen@field-ops.org","jhausknecht@field-ops.org",
"cfcd3245-325a-4be9-b9c6-4ecf6c7f88f3","CPER_051.basePlot.vst","2015-09-29","vst_CPER_2015","D10","CPER","CPER_051","31","1",,"TEMP.PLA.CPER.2015.51157",,"OPPO","Opuntia polyacantha Haw.","species",,,,"cactus",,,,,,,,,,,,,,,,,,,48,0,,,,,"jjensen@field-ops.org","jhausknecht@field-ops.org",
"3a6c98d2-6312-4a18-affa-566023fe546b","CPER_051.basePlot.vst","2015-09-29","vst_CPER_2015","D10","CPER","CPER_051","32","2",,"TEMP.PLA.CPER.2015.51155",,"OPPO","Opuntia polyacantha Haw.","species",,,,"cactus",,,,,,,,,,,,,,,,,,,61,0,,,,,"jjensen@field-ops.org","jhausknecht@field-ops.org",
"36f26ef8-47b6-4d77-981b-e5de94231efe","CPER_051.basePlot.vst","2015-09-29","vst_CPER_2015","D10","CPER","CPER_051","40","3",,"TEMP.PLA.CPER.2015.51158",,"OPPO","Opuntia polyacantha Haw.","species",,,,"cactus",,,,,,,,,,,,,,,,,,,31,0,,,,,"jjensen@field-ops.org","jhausknecht@field-ops.org",
"f3367bc3-a659-45ae-8c4c-b8e0d0db2e06","CPER_053.basePlot.vst","2015-09-29","vst_CPER_2015","D10","CPER","CPER_053","41","1",,"TEMP.PLA.CPER.2015.53156",,"OPPO","Opuntia polyacantha Haw.","species",,,,"cactus",,,,,,,,,,,,,,,,,,,39,2,,,,,"jjensen@field-ops.org","jhausknecht@field-ops.org",
"18c73b5b-d09c-4adb-a83a-b3fb5fcc63cd","CPER_051.basePlot.vst","2015-09-29","vst_CPER_2015","D10","CPER","CPER_051","41","1",,"TEMP.PLA.CPER.2015.51153",,"OPPO","Opuntia polyacantha Haw.","species",,,,"cactus",,,,,,,,,,,,,,,,,,,38,0,,,,,"jjensen@field-ops.org","jhausknecht@field-ops.org",
"3e40ff24-672c-4d62-b379-0610eb130441","CPER_053.basePlot.vst","2015-09-29","vst_CPER_2015","D10","CPER","CPER_053","31","4",,"TEMP.PLA.CPER.2015.53155",,"OPPO","Opuntia polyacantha Haw.","species",,,,"cactus",,,,,,,,,,,,,,,,,,,171,4,,,,,"jjensen@field-ops.org","jhausknecht@field-ops.org",
"aee4368d-e54e-43fb-99e0-120c2d8c491c","CPER_051.basePlot.vst","2015-09-29","vst_CPER_2015","D10","CPER","CPER_051","31","4",,"TEMP.PLA.CPER.2015.51154",,"OPPO","Opuntia polyacantha Haw.","species",,,,"cactus",,,,,,,,,,,,,,,,,,,38,0,,,,,"jjensen@field-ops.org","jhausknecht@field-ops.org",
"a401658b-2939-4e6f-a74d-e15182946666","CPER_063.basePlot.vst","2015-09-29","vst_CPER_2015","D10","CPER","CPER_063","40","3",,"TEMP.PLA.CPER.2015.63157",,"OPPO","Opuntia polyacantha Haw.","species",,,,"cactus",,,,,,,,,,,,,,,,,,,19,0,,,,,"jjensen@field-ops.org","jhausknecht@field-ops.org",
"1d73547f-c1cb-44eb-b470-99695a66c320","CPER_063.basePlot.vst","2015-09-29","vst_CPER_2015","D10","CPER","CPER_063","32","4",,"TEMP.PLA.CPER.2015.63162",,"OPPO","Opuntia polyacantha Haw.","species",,,,"cactus",,,,,,,,,,,,,,,,,,,78,0,,,,,"jjensen@field-ops.org","jhausknecht@field-ops.org",
"89ac17f3-26d2-457a-8b1b-7c46497b5ec7","CPER_063.basePlot.vst","2015-09-29","vst_CPER_2015","D10","CPER","CPER_063","40","1",,"TEMP.PLA.CPER.2015.63163",,"OPPO","Opuntia polyacantha Haw.","species",,,,"cactus",,,,,,,,,,,,,,,,,,,60,2,,,,,"jjensen@field-ops.org","jhausknecht@field-ops.org",
"13d85646-c754-4dab-91e7-24f4569a61ef","CPER_063.basePlot.vst","2015-09-29","vst_CPER_2015","D10","CPER","CPER_063","31","1",,"TEMP.PLA.CPER.2015.63159",,"OPPO","Opuntia polyacantha Haw.","species",,,,"cactus",,,,,,,,,,,,,,,,,,,68,1,,,,,"jjensen@field-ops.org","jhausknecht@field-ops.org",
"b6e6c7d0-7bb1-4291-ae5c-c21c31ace7bb","CPER_063.basePlot.vst","2015-09-29","vst_CPER_2015","D10","CPER","CPER_063","41","4",,"TEMP.PLA.CPER.2015.63166",,"OPPO","Opuntia polyacantha Haw.","species",,,,"cactus",,,,,,,,,,,,,,,,,,,45,0,,,,,"jjensen@field-ops.org","jhausknecht@field-ops.org",
"5e673b85-0b60-4b65-a741-1422102e874c","CPER_060.basePlot.vst","2015-09-29","vst_CPER_2015","D10","CPER","CPER_060","32",,,"TEMP.PLA.CPER.2015.60156",,"OPPO","Opuntia polyacantha Haw.","species",,,,"cactus",,,,,,,,,,,,,,,,,,,466,3,,,,,"jjensen@field-ops.org","jhausknecht@field-ops.org",
"2a95345a-3e3f-496b-be9b-d13d4cf33449","CPER_063.basePlot.vst","2015-09-29","vst_CPER_2015","D10","CPER","CPER_063","31","4",,"TEMP.PLA.CPER.2015.63154",,"OPPO","Opuntia polyacantha Haw.","species",,,,"cactus",,,,,,,,,,,,,,,,,,,137,0,,,,,"jjensen@field-ops.org","jhausknecht@field-ops.org",
"7f8d08fd-714e-4f2e-9bb1-9e541332b9e2","CPER_072.basePlot.vst","2015-09-29","vst_CPER_2015","D10","CPER","CPER_072","31","1",,"TEMP.PLA.CPER.2015.72151",,"OPPO","Opuntia polyacantha Haw.","species",,,,"cactus",,,,,,,,,,,,,,,,,,,38,0,,,,,"jjensen@field-ops.org","jhausknecht@field-ops.org",
"d1e26e79-d4b2-4f31-b9e5-2a91d8c2acb1","CPER_072.basePlot.vst","2015-09-29","vst_CPER_2015","D10","CPER","CPER_072","40","1",,"TEMP.PLA.CPER.2015.72157",,"OPPO","Opuntia polyacantha Haw.","species",,,,"cactus",,,,,,,,,,,,,,,,,,,47,0,,,,,"jjensen@field-ops.org","jhausknecht@field-ops.org",
"fcf67a42-3ed9-4e3c-bb69-a9a0cfe1cd93","CPER_052.basePlot.vst","2015-09-29","vst_CPER_2015","D10","CPER","CPER_052","41",,,"TEMP.PLA.CPER.2015.52154",,"OPPO","Opuntia polyacantha Haw.","species",,,,"cactus",,,,,,,,,,,,,,,,,,,225,7,,,,,"jjensen@field-ops.org","jhausknecht@field-ops.org",
"9dc8255c-418a-4bef-a5f0-0c9a858b142b","CPER_053.basePlot.vst","2015-09-29","vst_CPER_2015","D10","CPER","CPER_053","31","1",,"TEMP.PLA.CPER.2015.53153",,"OPPO","Opuntia polyacantha Haw.","species",,,,"cactus",,,,,,,,,,,,,,,,,,,33,0,,,,,"jjensen@field-ops.org","jhausknecht@field-ops.org",
"5f28793a-73e9-4363-9355-8c1dcbe02b77","CPER_072.basePlot.vst","2015-09-29","vst_CPER_2015","D10","CPER","CPER_072","32","2",,"TEMP.PLA.CPER.2015.72153",,"OPPO","Opuntia polyacantha Haw.","species",,,,"cactus",,,,,,,,,,,,,,,,,,,40,0,,,,,"jjensen@field-ops.org","jhausknecht@field-ops.org",
"c2292025-6147-4d9e-9372-7aee87ffac7f","CPER_053.basePlot.vst","2015-09-29","vst_CPER_2015","D10","CPER","CPER_053","32","2",,"TEMP.PLA.CPER.2015.53152",,"OPPO","Opuntia polyacantha Haw.","species",,,,"cactus",,,,,,,,,,,,,,,,,,,208,0,,,,,"jjensen@field-ops.org","jhausknecht@field-ops.org",
"558d3415-c301-4058-8424-f89572e8a02e","CPER_063.basePlot.vst","2015-09-29","vst_CPER_2015","D10","CPER","CPER_063","32","2",,"TEMP.PLA.CPER.2015.63153",,"OPPO","Opuntia polyacantha Haw.","species",,,,"cactus",,,,,,,,,,,,,,,,,,,7,0,,,,,"jjensen@field-ops.org","jhausknecht@field-ops.org",
"06adb5cf-ec6d-41a2-94be-b04a31c34f06","CPER_060.basePlot.vst","2015-09-29","vst_CPER_2015","D10","CPER","CPER_060","41",,,"TEMP.PLA.CPER.2015.60154",,"OPPO","Opuntia polyacantha Haw.","species",,,,"cactus",,,,,,,,,,,,,,,,,,,228,4,,,,,"jjensen@field-ops.org","jhausknecht@field-ops.org",
"b882fb45-de1f-487e-ad92-54c224c9b5fd","CPER_063.basePlot.vst","2015-09-29","vst_CPER_2015","D10","CPER","CPER_063","41","4",,"TEMP.PLA.CPER.2015.63152",,"OPPO","Opuntia polyacantha Haw.","species",,,,"cactus",,,,,,,,,,,,,,,,,,,45,0,,,,,"jjensen@field-ops.org","jhausknecht@field-ops.org",
"95d9ef78-eb29-431c-82df-d42b37782627","CPER_072.basePlot.vst","2015-09-29","vst_CPER_2015","D10","CPER","CPER_072","41","4",,"TEMP.PLA.CPER.2015.72152",,"OPPO","Opuntia polyacantha Haw.","species",,,,"cactus",,,,,,,,,,,,,,,,,,,83,0,,,,,"jjensen@field-ops.org","jhausknecht@field-ops.org",
"8c943702-090f-415f-b069-f79a14edadfa","CPER_072.basePlot.vst","2015-09-29","vst_CPER_2015","D10","CPER","CPER_072","31","4",,"TEMP.PLA.CPER.2015.72155",,"OPPO","Opuntia polyacantha Haw.","species",,,,"cactus",,,,,,,,,,,,,,,,,,,25,0,,,,,"jjensen@field-ops.org","jhausknecht@field-ops.org",
"d247688c-e005-4c2c-930a-8f688df8c7ab","CPER_053.basePlot.vst","2015-09-29","vst_CPER_2015","D10","CPER","CPER_053","40","3",,"TEMP.PLA.CPER.2015.53151",,"OPPO","Opuntia polyacantha Haw.","species",,,,"cactus",,,,,,,,,,,,,,,,,,,31,1,,,,,"jjensen@field-ops.org","jhausknecht@field-ops.org",
"e1a5e796-c775-4ba5-9229-cded3d5fa555","CPER_060.basePlot.vst","2015-09-29","vst_CPER_2015","D10","CPER","CPER_060","31",,,"TEMP.PLA.CPER.2015.60151",,"OPPO","Opuntia polyacantha Haw.","species",,,,"cactus",,,,,,,,,,,,,,,,,,,412,3,,,,,"jjensen@field-ops.org","jhausknecht@field-ops.org",
"48017821-4bf2-425f-8619-0a4e1e0b9768","CPER_063.basePlot.vst","2015-09-29","vst_CPER_2015","D10","CPER","CPER_063","32","4",,"TEMP.PLA.CPER.2015.63155",,"OPPO","Opuntia polyacantha Haw.","species",,,,"cactus",,,,,,,,,,,,,,,,,,,78,0,,,,,"jjensen@field-ops.org","jhausknecht@field-ops.org",
"d0eecc4d-0178-415a-8448-9c97be1ee366","CPER_053.basePlot.vst","2015-09-29","vst_CPER_2015","D10","CPER","CPER_053","41","4",,"TEMP.PLA.CPER.2015.53154",,"OPPO","Opuntia polyacantha Haw.","species",,,,"cactus",,,,,,,,,,,,,,,,,,,23,0,,,,,"jjensen@field-ops.org","jhausknecht@field-ops.org",
"d9a74649-1b87-4517-ba76-cf6dec46d5c9","CPER_060.basePlot.vst","2015-09-29","vst_CPER_2015","D10","CPER","CPER_060","40",,,"TEMP.PLA.CPER.2015.60152",,"OPPO","Opuntia polyacantha Haw.","species",,,,"cactus",,,,,,,,,,,,,,,,,,,442,2,,,,,"jjensen@field-ops.org","jhausknecht@field-ops.org",
"9b08b7db-bc03-4a01-8405-2f40c303c0d7","CPER_063.basePlot.vst","2015-09-29","vst_CPER_2015","D10","CPER","CPER_063","31","1",,"TEMP.PLA.CPER.2015.63151",,"OPPO","Opuntia polyacantha Haw.","species",,,,"cactus",,,,,,,,,,,,,,,,,,,68,1,,,,,"jjensen@field-ops.org","jhausknecht@field-ops.org",
"aa8c28d6-b67e-488d-8e01-a07c81c456cf","CPER_052.basePlot.vst","2015-09-29","vst_CPER_2015","D10","CPER","CPER_052","31",,,"TEMP.PLA.CPER.2015.52151",,"OPPO","Opuntia polyacantha Haw.","species",,,,"cactus",,,,,,,,,,,,,,,,,,,348,22,,,,,"jjensen@field-ops.org","jhausknecht@field-ops.org",
"b09cda75-2cdc-4ee4-bde7-980b75a91440","CPER_060.basePlot.vst","2015-09-29","vst_CPER_2015","D10","CPER","CPER_060","41",,,"TEMP.PLA.CPER.2015.60158",,"OPPO","Opuntia polyacantha Haw.","species",,,,"cactus",,,,,,,,,,,,,,,,,,,228,4,,,,,"jjensen@field-ops.org","jhausknecht@field-ops.org",
"07347a10-78be-45b2-b65a-c1aba1fac3f9","CPER_063.basePlot.vst","2015-09-29","vst_CPER_2015","D10","CPER","CPER_063","41","1",,"TEMP.PLA.CPER.2015.63165",,"OPPO","Opuntia polyacantha Haw.","species",,,,"cactus",,,,,,,,,,,,,,,,,,,5,0,,,,,"jjensen@field-ops.org","jhausknecht@field-ops.org",
"2b4862b3-fbfb-4962-897e-f06d2466095e","CPER_060.basePlot.vst","2015-09-29","vst_CPER_2015","D10","CPER","CPER_060","31",,,"TEMP.PLA.CPER.2015.60155",,"OPPO","Opuntia polyacantha Haw.","species",,,,"cactus",,,,,,,,,,,,,,,,,,,412,3,,,,,"jjensen@field-ops.org","jhausknecht@field-ops.org",
"3d8cfe3d-e6bb-4d66-b8bc-ae5594b45feb","CPER_063.basePlot.vst","2015-09-29","vst_CPER_2015","D10","CPER","CPER_063","32","2",,"TEMP.PLA.CPER.2015.63161",,"OPPO","Opuntia polyacantha Haw.","species",,,,"cactus",,,,,,,,,,,,,,,,,,,7,0,,,,,"jjensen@field-ops.org","jhausknecht@field-ops.org",
"557ef6b7-5a76-4b9c-a3d8-50d37d11c490","CPER_060.basePlot.vst","2015-09-29","vst_CPER_2015","D10","CPER","CPER_060","40",,,"TEMP.PLA.CPER.2015.60157",,"OPPO","Opuntia polyacantha Haw.","species",,,,"cactus",,,,,,,,,,,,,,,,,,,442,2,,,,,"jjensen@field-ops.org","jhausknecht@field-ops.org",
"cd46b2ef-70e0-4404-bf76-d7c64a250c00","CPER_063.basePlot.vst","2015-09-29","vst_CPER_2015","D10","CPER","CPER_063","40","3",,"TEMP.PLA.CPER.2015.63164",,"OPPO","Opuntia polyacantha Haw.","species",,,,"cactus",,,,,,,,,,,,,,,,,,,19,0,,,,,"jjensen@field-ops.org","jhausknecht@field-ops.org",
"8efc2863-7aab-41e5-ac6e-5e3d13329670","CPER_063.basePlot.vst","2015-09-29","vst_CPER_2015","D10","CPER","CPER_063","31","4",,"TEMP.PLA.CPER.2015.63160",,"OPPO","Opuntia polyacantha Haw.","species",,,,"cactus",,,,,,,,,,,,,,,,,,,137,0,,,,,"jjensen@field-ops.org","jhausknecht@field-ops.org",
"71163ebd-c19a-46fe-aa46-d76ee592aa6a","CPER_053.basePlot.vst","2015-09-29","vst_CPER_2015","D10","CPER","CPER_053","32","2",,"TEMP.PLA.CPER.2015.53161",,"OPPO","Opuntia polyacantha Haw.","species",,,,"cactus",,,,,,,,,,,,,,,,,,,208,0,,,,,"jjensen@field-ops.org","jhausknecht@field-ops.org",
"7052f106-babb-4f44-95c1-0274fdddd799","CPER_053.basePlot.vst","2015-09-29","vst_CPER_2015","D10","CPER","CPER_053","32","4",,"TEMP.PLA.CPER.2015.53162",,"OPPO","Opuntia polyacantha Haw.","species",,,,"cactus",,,,,,,,,,,,,,,,,,,90,2,,,,,"jjensen@field-ops.org","jhausknecht@field-ops.org",
"f6167b30-cc7f-4a41-b9bf-12576fd689cc","CPER_072.basePlot.vst","2015-09-29","vst_CPER_2015","D10","CPER","CPER_072","40","3",,"TEMP.PLA.CPER.2015.72162",,"OPPO","Opuntia polyacantha Haw.","species",,,,"cactus",,,,,,,,,,,,,,,,,,,71,1,,,,,"jjensen@field-ops.org","jhausknecht@field-ops.org",
"b78c0a26-a592-41a5-b4ae-c1371943c9b6","CPER_052.basePlot.vst","2015-09-29","vst_CPER_2015","D10","CPER","CPER_052","41",,,"TEMP.PLA.CPER.2015.52158",,"OPPO","Opuntia polyacantha Haw.","species",,,,"cactus",,,,,,,,,,,,,,,,,,,225,7,,,,,"jjensen@field-ops.org","jhausknecht@field-ops.org",
"c527dcff-215a-4b6b-8377-3994718e802a","CPER_052.basePlot.vst","2015-09-29","vst_CPER_2015","D10","CPER","CPER_052","40",,,"TEMP.PLA.CPER.2015.52157",,"OPPO","Opuntia polyacantha Haw.","species",,,,"cactus",,,,,,,,,,,,,,,,,,,623,16,,,,,"jjensen@field-ops.org","jhausknecht@field-ops.org",
"5059a681-433f-492a-8b36-caf01efec8bb","CPER_072.basePlot.vst","2015-09-29","vst_CPER_2015","D10","CPER","CPER_072","32","4",,"TEMP.PLA.CPER.2015.72160",,"OPPO","Opuntia polyacantha Haw.","species",,,,"cactus",,,,,,,,,,,,,,,,,,,39,0,,,,,"jjensen@field-ops.org","jhausknecht@field-ops.org",
"8d2272d4-bb35-4590-8a42-5509088f5dc0","CPER_072.basePlot.vst","2015-09-29","vst_CPER_2015","D10","CPER","CPER_072","40","1",,"TEMP.PLA.CPER.2015.72161",,"OPPO","Opuntia polyacantha Haw.","species",,,,"cactus",,,,,,,,,,,,,,,,,,,47,0,,,,,"jjensen@field-ops.org","jhausknecht@field-ops.org",
"64ca7d11-6beb-4348-827e-638427a142e1","CPER_053.basePlot.vst","2015-09-29","vst_CPER_2015","D10","CPER","CPER_053","31","4",,"TEMP.PLA.CPER.2015.53160",,"OPPO","Opuntia polyacantha Haw.","species",,,,"cactus",,,,,,,,,,,,,,,,,,,171,4,,,,,"jjensen@field-ops.org","jhausknecht@field-ops.org",
"8550553b-33d3-494a-b76d-8d4321294853","CPER_072.basePlot.vst","2015-09-29","vst_CPER_2015","D10","CPER","CPER_072","32","2",,"TEMP.PLA.CPER.2015.72159",,"OPPO","Opuntia polyacantha Haw.","species",,,,"cactus",,,,,,,,,,,,,,,,,,,40,0,,,,,"jjensen@field-ops.org","jhausknecht@field-ops.org",
"80ac7ce3-ddb6-4f13-a1e7-7fb6985c555e","CPER_053.basePlot.vst","2015-09-29","vst_CPER_2015","D10","CPER","CPER_053","40","3",,"TEMP.PLA.CPER.2015.53164",,"OPPO","Opuntia polyacantha Haw.","species",,,,"cactus",,,,,,,,,,,,,,,,,,,31,1,,,,,"jjensen@field-ops.org","jhausknecht@field-ops.org",
"ec89368a-10cd-4704-a248-59aefbead572","CPER_053.basePlot.vst","2015-09-29","vst_CPER_2015","D10","CPER","CPER_053","40","1",,"TEMP.PLA.CPER.2015.53163",,"OPPO","Opuntia polyacantha Haw.","species",,,,"cactus",,,,,,,,,,,,,,,,,,,49,1,,,,,"jjensen@field-ops.org","jhausknecht@field-ops.org",
"a37e5b7c-8403-4d63-832f-b59a61d4c020","CPER_053.basePlot.vst","2015-09-29","vst_CPER_2015","D10","CPER","CPER_053","31","1",,"TEMP.PLA.CPER.2015.53159",,"OPPO","Opuntia polyacantha Haw.","species",,,,"cactus",,,,,,,,,,,,,,,,,,,33,0,,,,,"jjensen@field-ops.org","jhausknecht@field-ops.org",
"cf1f5144-9565-4f69-92b2-96dafd93cc91","CPER_072.basePlot.vst","2015-09-29","vst_CPER_2015","D10","CPER","CPER_072","41","1",,"TEMP.PLA.CPER.2015.72163",,"OPPO","Opuntia polyacantha Haw.","species",,,,"cactus",,,,,,,,,,,,,,,,,,,17,0,,,,,"jjensen@field-ops.org","jhausknecht@field-ops.org",
"4bb3efa4-680b-45ee-9d3f-bcd6011fac26","CPER_053.basePlot.vst","2015-09-29","vst_CPER_2015","D10","CPER","CPER_053","41","4",,"TEMP.PLA.CPER.2015.53166",,"OPPO","Opuntia polyacantha Haw.","species",,,,"cactus",,,,,,,,,,,,,,,,,,,23,0,,,,,"jjensen@field-ops.org","jhausknecht@field-ops.org",
"6998cabc-af74-47ab-b091-de240eaa696e","CPER_072.basePlot.vst","2015-09-29","vst_CPER_2015","D10","CPER","CPER_072","41","4",,"TEMP.PLA.CPER.2015.72164",,"OPPO","Opuntia polyacantha Haw.","species",,,,"cactus",,,,,,,,,,,,,,,,,,,83,0,,,,,"jjensen@field-ops.org","jhausknecht@field-ops.org",
"7956f1a8-1d2f-4f12-8861-096ae8926174","CPER_052.basePlot.vst","2015-09-29","vst_CPER_2015","D10","CPER","CPER_052","32",,,"TEMP.PLA.CPER.2015.52156",,"OPPO","Opuntia polyacantha Haw.","species",,,,"cactus",,,,,,,,,,,,,,,,,,,92,1,,,,,"jjensen@field-ops.org","jhausknecht@field-ops.org",
"6b31e7aa-42b5-46b2-be13-c92cf7ad9a79","CPER_052.basePlot.vst","2015-09-29","vst_CPER_2015","D10","CPER","CPER_052","31",,,"TEMP.PLA.CPER.2015.52155",,"OPPO","Opuntia polyacantha Haw.","species",,,,"cactus",,,,,,,,,,,,,,,,,,,348,22,,,,,"jjensen@field-ops.org","jhausknecht@field-ops.org",
"4dceba40-88af-434e-a035-590ebfdf74f2","CPER_053.basePlot.vst","2015-09-29","vst_CPER_2015","D10","CPER","CPER_053","41","1",,"TEMP.PLA.CPER.2015.53165",,"OPPO","Opuntia polyacantha Haw.","species",,,,"cactus",,,,,,,,,,,,,,,,,,,39,2,,,,,"jjensen@field-ops.org","jhausknecht@field-ops.org",
"a35d50af-d2d4-4535-a617-9f905360ec9f","CPER_072.basePlot.vst","2015-09-29","vst_CPER_2015","D10","CPER","CPER_072","31","4",,"TEMP.PLA.CPER.2015.72166",,"OPPO","Opuntia polyacantha Haw.","species",,,,"cactus",,,,,,,,,,,,,,,,,,,25,0,,,,,"jjensen@field-ops.org","jhausknecht@field-ops.org",
"03ce1ec5-4918-4742-98e2-8b4a9927912c","CPER_051.basePlot.vst","2015-09-29","vst_CPER_2015","D10","CPER","CPER_051","32","2",,"TEMP.PLA.CPER.2015.51161",,"OPPO","Opuntia polyacantha Haw.","species",,,,"cactus",,,,,,,,,,,,,,,,,,,61,0,,,,,"jjensen@field-ops.org","jhausknecht@field-ops.org",
"b7067ff4-eaa0-4721-b1b0-b4e3ba44aa51","CPER_051.basePlot.vst","2015-09-29","vst_CPER_2015","D10","CPER","CPER_051","40","1",,"TEMP.PLA.CPER.2015.51163",,"OPPO","Opuntia polyacantha Haw.","species",,,,"cactus",,,,,,,,,,,,,,,,,,,180,2,,,,,"jjensen@field-ops.org","jhausknecht@field-ops.org",
"3bf0a086-2cee-4dec-aa17-e06500035dd2","CPER_051.basePlot.vst","2015-09-29","vst_CPER_2015","D10","CPER","CPER_051","32","4",,"TEMP.PLA.CPER.2015.51162",,"OPPO","Opuntia polyacantha Haw.","species",,,,"cactus",,,,,,,,,,,,,,,,,,,265,0,,,,,"jjensen@field-ops.org","jhausknecht@field-ops.org",
"9edb5e39-80a5-4309-9243-70e2997b3f7e","CPER_051.basePlot.vst","2015-09-29","vst_CPER_2015","D10","CPER","CPER_051","41","1",,"TEMP.PLA.CPER.2015.51165",,"OPPO","Opuntia polyacantha Haw.","species",,,,"cactus",,,,,,,,,,,,,,,,,,,38,0,,,,,"jjensen@field-ops.org","jhausknecht@field-ops.org",
"b34cf288-9568-4255-bd41-792a753bfcc1","CPER_051.basePlot.vst","2015-09-29","vst_CPER_2015","D10","CPER","CPER_051","40","3",,"TEMP.PLA.CPER.2015.51164",,"OPPO","Opuntia polyacantha Haw.","species",,,,"cactus",,,,,,,,,,,,,,,,,,,31,0,,,,,"jjensen@field-ops.org","jhausknecht@field-ops.org",
"d7937f74-16fb-4140-87dd-d07784d52822","CPER_051.basePlot.vst","2015-09-29","vst_CPER_2015","D10","CPER","CPER_051","41","4",,"TEMP.PLA.CPER.2015.51166",,"OPPO","Opuntia polyacantha Haw.","species",,,,"cactus",,,,,,,,,,,,,,,,,,,42,0,,,,,"jjensen@field-ops.org","jhausknecht@field-ops.org",
"3af8ae0a-72c9-4570-b62d-ee270f80a045","CPER_072.basePlot.vst","2015-09-29","vst_CPER_2015","D10","CPER","CPER_072","31","1",,"TEMP.PLA.CPER.2015.72165",,"OPPO","Opuntia polyacantha Haw.","species",,,,"cactus",,,,,,,,,,,,,,,,,,,38,0,,,,,"jjensen@field-ops.org","jhausknecht@field-ops.org",
"55d02456-b69a-45ca-87c4-afb6704a801b","CPER_051.basePlot.vst","2015-09-29","vst_CPER_2015","D10","CPER","CPER_051","31","1",,"TEMP.PLA.CPER.2015.51159",,"OPPO","Opuntia polyacantha Haw.","species",,,,"cactus",,,,,,,,,,,,,,,,,,,48,0,,,,,"jjensen@field-ops.org","jhausknecht@field-ops.org",
"ebf35468-e78c-4846-831b-3c6b32524f6d","CPER_051.basePlot.vst","2015-09-29","vst_CPER_2015","D10","CPER","CPER_051","31","4",,"TEMP.PLA.CPER.2015.51160",,"OPPO","Opuntia polyacantha Haw.","species",,,,"cactus",,,,,,,,,,,,,,,,,,,38,0,,,,,"jjensen@field-ops.org","jhausknecht@field-ops.org",
"48457b78-5f9e-4e83-99b3-3c2a162eda1d","CPER_051.basePlot.vst","2015-09-29","vst_CPER_2015","D10","CPER","CPER_051","40","1",,"TEMP.PLA.CPER.2015.51152",,"OPPO","Opuntia polyacantha Haw.","species",,,,"cactus",,,,,,,,,,,,,,,,,,,180,2,,,,,"jjensen@field-ops.org","jhausknecht@field-ops.org",
